product_name,original_price,discounted_price,discount_percent,premium,quantity,rating,review_count,delivery_time,category,selling_price
My First Activity Book Word Search,129,1,96,No,1 pcs,4.5,67,22,books,128
2000+ Reward Stickers Book,220,94,57,No,2 pcs,4.9,78,22,books,126
My First Book Of Writing Numbers ,60,11,81,No,1 pcs,4.5,945,22,books,49
The Adventures of Sherlock Holmes,499,216,56,No,2 pcs,4.4,170,22,books,283
Science Books For Kids,180,61,66,No,1 pcs,4.5,71,22,books,119
My First Big Picture Board Book Abc,120,21,82,No,2 pcs,4.7,68,22,books,99
Kids Encyclopedia,155,60,61,No,2 pcs,4.8,82,22,books,95
Shlokas and Mantras and Hanuman Chalisa for Kids Age 2+,110,39,64,No,2 pcs,4.6,88,22,books,71
My First Sticker Book,135,60,55,No,1 pcs,2.9,82,22,books,75
My First 1000 Words Book L 50 Topics With Engaging Picture Book For Early Learners,299,127,57,No,2 pcs,4.6,75,22,books,172
My First Sticker Book,135,32,76,No,1 pcs,4.5,88,22,books,103
Charlotte'S Web,399,140,64,No,3 pcs,4.3,622,22,books,259
My World,350,136,61,No,2 pcs,3.6,73,22,books,214
My Cute Board Book Abc,70,11,84,No,1 pcs,4.3,71,22,books,59
My First Sticker Book,125,45,64,No,1 pcs,3.1,70,22,books,80
Under the Ocean,200,67,66,No,2 pcs,4.5,52,22,books,133
My First Sticker Book,125,45,64,No,1 pcs,4.5,82,22,books,80
My First Big Picture Board Book Numbers 1,120,51,57,No,1 pcs,4.6,126,22,books,69
Life Lessons,210,83,60,No,2 pcs,3.9,67,22,books,127
My First Sticker Book,135,45,66,No,1 pcs,4.5,77,22,books,90
Moral Stories for Kids,125,42,66,No,2 pcs,4.5,98,22,books,83
Story Books for Kids,210,90,57,No,2 pcs,4.7,117,22,books,120
Story Books for Kids,210,72,65,No,2 pcs,4.5,90,22,books,138
Cursive Writing Book,110,38,65,No,2 pcs,4.9,112,22,books,72
My First Learning Library,395,160,59,No,3 pcs,4.9,86,22,books,235
Story Books for Kids,350,151,56,No,3 pcs,4.5,80,22,books,199
My First Board Book Animals,155,56,63,No,1 pcs,4.6,151,22,books,99
Reading Comprehension Activity Book for Kids,125,42,66,No,1 pcs,4.9,86,22,books,83
My First Shapes and Colours Sticker Book,200,100,50,No,1 pcs,4.6,724,22,books,100
Lost Bookshop,599,240,59,No,4 pcs,4.6,118,22,books,359
My Cute Board Book Numbers,70,31,55,No,1 pcs,4.3,291,22,books,39
108 Akbar Birbal Stories,180,62,65,No,2 pcs,4.6,107,22,books,118
My First Mythology Tale,275,110,60,No,2 pcs,4.5,80,22,books,165
My First Classic For Children,999,405,59,No,4 pcs,4.3,816,22,books,594
Story Book for Kids,275,92,66,No,2 pcs,4.2,409,22,books,183
Brain Activity Book for Kids,155,35,77,No,1 pcs,3.9,153,22,books,120
Story Books for Kids,420,182,56,No,2 pcs,4.5,60,22,books,238
Activity Book for Kids,250,104,58,No,2 pcs,4.5,68,22,books,146
Story Books for Kids,700,280,60,No,3 pcs,4.5,59,22,books,420
Story Book for Kids,275,96,65,No,1 pcs,4.2,952,22,books,179
The Comfort Book,599,250,58,No,2 pcs,4.6,913,22,books,349
Story Book for Kids,350,161,54,No,1 pcs,4.5,75,22,books,189
Story Books for Kids,350,132,62,No,2 pcs,4.5,99,22,books,218
Story Book for Kids,350,137,60,No,1 pcs,4.5,53,22,books,213
Bible Stories,180,68,62,No,2 pcs,4.5,108,22,books,112
Good Habits For Kids,205,84,59,No,1 pcs,4.5,66,22,books,121
Story Books for Kids,180,62,65,No,1 pcs,4.9,121,22,books,118
Story Book for Kids,350,161,54,No,1 pcs,4.9,83,22,books,189
Brain Boosting Activity Book for Kids,155,43,72,No,1 pcs,4.6,114,22,books,112
Brain Boosting Activity Book Set,160,56,65,No,1 pcs,3.2,123,22,books,104
Oswaal Books Lil Legends Know Me Series,276,61,77,No,2 pcs,4.3,713,22,books,215
My First Board Book Animals,155,56,63,No,1 pcs,4.2,593,22,books,99
Diary Of A Wimpy Kid No Brainer,599,190,68,No,1 pcs,4.4,65,22,books,409
Brilliant Brain Activity Book 3+,280,89,68,No,1 pcs,4.4,630,22,books,191
Dreamland My First Amazing and Ultimate Book Pack,500,171,65,No,2 pcs,4.6,257,22,books,329
Moral Story Book for Kids,95,32,66,No,1 pcs,4.8,84,22,books,63
Brain Booster Activity Books Set,400,170,57,No,2 pcs,4.3,73,22,books,230
The Kalki Trilogy,999,380,61,No,3 pcs,4.4,413,22,books,619
My First Sticker Book,135,31,77,No,1 pcs,4.5,94,22,books,104
The Best Of Dale Carnegie,999,480,51,No,3 pcs,4.3,939,22,books,519
Story Books for Kids,180,70,61,No,1 pcs,3.4,73,22,books,110
365 Math Activity Book,250,107,57,No,1 pcs,4.3,57,22,books,143
My First Dinosaur Sticker Book,200,95,52,No,1 pcs,4.2,734,22,books,105
My First Pop,199,78,60,No,1 pcs,4.7,193,22,books,121
Moral Story Books for Kids,350,131,62,No,2 pcs,4.9,71,22,books,219
Brilliant Brain Activity Book 4+,280,89,68,No,1 pcs,4.5,110,22,books,191
My First Sticker Book,125,36,71,No,1 pcs,4.5,71,22,books,89
Story Books for Kids,210,72,65,No,1 pcs,4.3,86,22,books,138
The Ram Chandra Series Boxset Of 4 Books,1695,776,54,No,4 pcs,4.3,929,22,books,919
Brilliant Brain Activity Book 5+,280,89,68,No,1 pcs,4.5,49,22,books,191
Story Book for Kids,125,46,63,No,1 pcs,4.3,730,22,books,79
Kids' First Library Box Set Of 20 Board Books L Gift Set For Kids,1399,652,53,No,5 pcs,3.7,68,22,books,747
My First Board Book Animals,155,56,63,No,1 pcs,4.4,493,22,books,99
Stories from Ramayana and Mahabharata,360,140,61,No,2 pcs,4.2,85,22,books,220
My First Experiences Sticker Book: My First Sticker Books,249,85,65,No,1 pcs,4.7,342,22,books,164
Activity Book for Kids,125,42,66,No,1 pcs,4.4,87,22,books,83
Heroes Of Olympus Complete Collection,2499,1,99,No,7 pcs,4.7,516,22,books,2498
Picture Talk and Conversation Book for Kids,125,43,65,No,1 pcs,4.7,92,22,books,82
My First Board Book Animals,155,56,63,No,1 pcs,4.2,900,22,books,99
My First Transport Sticker Book,200,85,57,No,1 pcs,4.7,248,22,books,115
Mythology Tales,350,161,54,No,1 pcs,2.8,85,22,books,189
"Kids' First 4 In 1 Board Book L Colors, Shapes, Alphabet, Numbers L Early Learning",299,125,58,No,1 pcs,4.7,78,22,books,174
My First Board Book Animals Monkey,625,236,62,No,2 pcs,4.7,734,22,books,389
Phonic Reader,240,94,60,No, 1 pcs,4.2,81,22,books,146
Seek And Find,349,140,59,No,2 pcs,4.6,759,22,books,209
My First Pop Up Fairy Tales,199,70,64,No,1 pcs,4.7,581,22,books,129
My First Animals Sticker Book,200,83,58,No,1 pcs,4.2,62,22,books,117
Harry Potter Box Set,4999,2,99,No,1 pcs,4.5,65,22,books,497
Story Books For Kids,180,70,61,No,1 pcs,4.5,67,22,books,110
Brain Activity Book for Kids,125,41,67,No,1 pcs,4.9,108,22,books,84
My First Sticker Book,125,42,66,No,1 pcs,4.1,59,22,books,83
Little Colouring Books for Kids,300,102,66,No,1 pcs,4.5,118,22,books,198
My First Abc Sticker Book,200,95,52,No,1 pcs,4.6,57,22,books,105
Writing Books For Kids,305,136,55,No,1 pcs,4.5,60,22,books,169
Dreamland My Super Fancy Glam Purse Pack,800,281,64,No,1 pcs,4.5,294,22,books,519
Cursive Writing Books,220,84,61,No,1 pcs,4.2,87,22,books,136
My First Sticker Book,135,39,71,No,1 pcs,4.4,468,22,books,96
Story Books for Kids,395,149,62,No,2 pcs,4.4,302,22,books,246
Maktub,499,193,61,No,3 pcs,4.3,419,22,books,306
Story Books for Kids,550,211,61,No,3 pcs,4.7,521,22,books,339
Oswaal Books Lil Legends Book Of Stickers For Kids,199,80,59,No,1 pcs,4.5,55,22,books,119
Story Books for Kids,420,177,57,No,2 pcs,4.5,75,22,books,243
Oswaal Books Lil Legends Book Of Stickers For Kids,199,41,79,No,1 pcs,4.5,834,22,books,158
Sticker Books Fairy,500,200,60,No,2 pcs,4.3,120,22,books,300
My Baby Record Book,300,121,59,No,1 pcs,4.4,495,22,books,179
In the Jungle,200,62,69,No,1 pcs,4.8,54,22,books,138
Story Books for Kids,500,231,53,No,2 pcs,4.1,57,22,books,269
My First Sticker Books,500,199,60,No,2 pcs,4.9,78,22,books,301
Dreamland Pop,800,281,64,No,3 pcs,4.6,282,22,books,519
Harry Potter And The Philosopher's Stone,499,140,71,No,3 pcs,4.9,89,22,books,359
Dreamland My Complete Kit of Nursery Books,1960,691,64,No,3 pcs,4.3,636,22,books,1269
Dreamland Sticker Activity Book,750,261,65,No,3 pcs,4.7,275,22,books,489
Dreamland Explore Encyclopedia Books Pack of 8 Books,2240,781,65,No,3 pcs,4.2,357,22,books,1459
The Count of Monte Cristo,1199,468,60,No,3 pcs,4.3,246,22,books,731
Dreamland My Complete Kit of Pre,1550,729,52,No,3 pcs,4.6,176,22,books,821
Dreamland My Complete Kit of Kindergarten Books,3045,1,99,No,1 pcs,4.3,917,22,books,304
Chrome Pocket Watercolor Painting Book 20 Pages For Kids,80,25,68,No,1 pcs,2.7,132,22,books,55
Shapes,49,1,97,No,1 pcs,4.3,833,22,books,48
Fruits,49,1,97,No,1 pcs,4.3,984,22,books,48
Art,70,11,84,No,1 pcs,4.8,71,22,books,59
First All in One Writing Book,125,46,63,No,1 pcs,4.5,99,22,books,79
Oswaal Books Lil Legends Book Of Copy Colouring For Kids,59,1,77,No,1 pcs,4.5,81,22,books,58
My First Sticker Book Shapes and Colours,135,31,77,No,1 pcs,3.8,122,22,books,104
Motivation,150,71,52,No,1 pcs,4.5,77,22,books,79
Oswaal Books Lil Legends Creative Crayon Colouring Book,199,80,59,No,1 pcs,4.7,66,22,books,119
365 Colouring Book,400,126,68,No,1 pcs,4.9,135,11,books,274
Little Colouring Books for Kids,450,201,55,No,1 pcs,4.5,83,22,books,249
100+ Copy Coloring Activity Book L Copy Coloring Books For Kids,249,77,69,No,1 pcs,4.4,75,22,books,172
Oswaal Books Lil Legends Creative Crayon Colouring Book,199,38,80,No,1 pcs,4.3,61,22,books,161
Oswaal Books Lil Legends My First Book Of Patterns,199,80,59,No,1 pcs,4.5,149,22,books,119
Dreamland Superman Copy Colouring and Activity Books Set of 5,850,301,64,No,1 pcs,4.5,300,22,books,549
Britannia Milk Slice White Bread,65,9,86,Yes,350 g,4.6,350,9,Bread,56
The Health Factory Zero Maida Protein Bread,85,14,83,Yes,250 g,4.2,250,9,Bread,71
Britannia Milk Slice White Bread,30,4,86,No,200 g,4.5,200,9,Bread,26
Britannia Milk Slice White Bread,55,10,81,Yes,400 g,4.6,400,9,Bread,45
Britannia Milk Slice White Bread,55,3,94,No,400 g,4.5,400,9,Bread,52
Modern Sandwich Supreme White Bread,55,10,81,No,400 g,4.5,400,9,Bread,45
Spencer's Premium Milk Bread,55,3,94,No,400 g,4.6,400,9,Bread,52
The Health Factory Zero Maida Bombay Pav,40,3,92,Yes,401 g,4.3,40,9,Bread,37
Modern Bread Milk Plus,55,3,94,No,400 g,4.6,400,9,Bread,52
Modern Bread Milk Plus,55,3,94,No,400 g,4.5,400,9,Bread,52
Protein Chef 5 Super Foods Multigrain Brown Bread,69,3,95,Yes,270 g,4.3,270,9,Bread,66
Modern Family Special White Bread,50,2,96,No,400 g,4.6,400,9,Bread,48
Britannia Breakfast Slice White Bread,55,6,89,No,450 g,4.6,450,9,Bread,49
Britannia Breakfast Slice White Bread,55,4,92,Yes,250 g,4.4,250,9,Bread,51
Modern Multigrain Bread,60,9,85,Yes,400 g,4.5,400,9,Bread,51
Spencer's Premium Sandwich Bread,55,3,94,No,400 g,4.6,400,9,Bread,52
Protein Chef High Protein Brown Bread,59,3,94,Yes,270 g,4.3,270,9,Bread,56
Spencer's Brown Bread,55,3,94,No,400 g,4.6,400,9,Bread,52
Spencer's Brown Bread,59,3,94,Yes,250 g,4.3,250,9,Bread,56
The Health Factory Zero Maida Multigrain Bread,70,12,82,Yes,250 g,4.4,250,9,Bread,58
Britannia Vita Rich Sandwich Premium White Bread,50,2,96,No,400 g,4.6,400,9,Bread,48
Modern Sandwich Supreme White Bread,90,4,95,No,800 g,4.5,800,9,Bread,86
Britannia Fruit Bread,55,9,83,No,400 g,4.4,400,9,Bread,46
Daily Good Milk Bread,60,17,71,No,400 g,4.4,312,9,Bread,43
Daily Good Milk Bread,55,13,76,No,400 g,4.3,319,9,Bread,42
Daily Good White Bread,55,15,72,No,400 g,4.5,176,9,Bread,40
Daily Good Brown Bread,60,18,70,No,400 g,4.4,148,9,Bread,42
Britannia Milk Slice White Bread Combo,110,6,94,No,400 g,4.2,831,9,Bread,104
Britannia Milk Slice White Bread Combo,110,20,81,No,400 g,4.4,635,9,Bread,90
Britannia Fruit Bread,30,2,93,No,200 g,4.3,200,9,Bread,28
Modern Cremtreat Vanilla Cream Bun,110,10,77,No,50 g,4.5,68,9,Bread,100
Modern Cremtreat Vanilla Cream Bun Combo,30,3,90,No,50 g,4.7,318,9,Bread,27
Modern Cremtreat Vanilla Cream Bun Combo,130,18,86,No,50 g,4.7,158,9,Bread,112
Modern Cremtreat Vanilla Cream Bun Combo,30,5,83,No,200 g,4.4,200,9,Bread,25
Modern Cremtreat Chocolate Cream Bun,110,10,77,No,150 g,4.5,50,9,Bread,100
Modern Bread Milk Plus Combo,110,6,94,No,100 g,4.4,547,9,Bread,104
Modern Cremtreat Chocolate Cream Bun Combo,30,3,90,No,100 g,4.7,951,9,Bread,27
Modern Cremtreat Chocolate Cream Bun Combo,110,6,94,No,100 g,4.4,659,9,Bread,104
Nanda's Vanilla Cream Bun Combo,45,3,93,No,100 g,4.5,432,9,Bread,42
Spencer's Premium Milk Bread Combo,110,6,94,No,100 g,4.6,341,9,Bread,104
Nanda's Vanilla Cream Bun,45,1,92,No,60 g,4.7,60,9,Bread,44
Modern Family Special White Bread Combo,100,6,94,No,100 g,4.6,736,9,Bread,94
Modern Sandwich Supreme White Bread Combo,165,30,81,No,100 g,4.5,196,9,Bread,135
Britannia Breakfast Slice White Bread Combo,110,12,89,No,100 g,4.6,889,9,Bread,98
Britannia Pav Combo,60,10,83,No,50 g,4.5,251,9,Bread,50
Britannia Pav Combo,110,10,90,No,100 g,4.3,680,9,Bread,100
Britannia Fruit Bread Combo,60,4,93,No,100 g,4.6,461,9,Bread,56
Britannia Fruit Bread Combo,195,36,81,No,100 g,4.7,422,9,Bread,159
Modern Sandwich Supreme White Bread Combo,180,12,93,No,100 g,4.7,951,9,Bread,168
Modern Cremtreat Vanilla Cream Bun Combo,120,20,77,No,100 g,4.7,155,9,Bread,100
Spencer's Brown Bread Combo,110,6,94,No,120 g,4.7,816,9,Bread,104
Modern Cremtreat Chocolate Cream Bun Combo,120,20,77,No,120 g,4.3,537,9,Bread,100
Modern Multigrain Bread,120,18,85,No,120 g,4.5,869,9,Bread,102
Nanda's Vanilla Cream Bun Combo,30,2,93,No,120 g,4.7,899,9,Bread,28
Protein Chef Double Protein Bread,99,5,94,Yes,270 g,4.4,270,9,Bread,94
Modern Family Special White Bread Combo,150,15,90,No,120 g,4.7,690,9,Bread,135
Britannia Pav Combo,90,15,83,No,120 g,4.3,344,9,Bread,75
Britannia Breakfast Slice White Bread Combo,165,18,89,No,120 g,4.3,630,9,Bread,147
Protein Chef 5 Super Foods Multigrain Brown Bread,138,6,95,No,120 g,4.2,525,9,Bread,132
Every Day Burger Buns,40,2,95,No,50 g,4.5,200,9,Bread,38
Britannia Fruit Bread Combo,90,9,90,No,75 g,4.4,733,9,Bread,81
Britannia Milk Slice White Bread Combo,60,8,86,No,60 g,4.4,854,9,Bread,52
Nanda's Vanilla Cream Bun Combo,60,12,80,No,60 g,4.2,286,9,Bread,48
Modern Sandwich Supreme White Bread Combo,270,33,87,No,120 g,4.2,80,9,Bread,237
Modern Supreme Burger Bun,45,2,95,No,80 g,4.2,280,9,Bread,43
The Health Factory Zero Maida Burger Bun,37,4,89,Yes,40 g,4.3,120,9,Bread,33
Modern Medium Crust Pizza Base,35,3,91,No,50 g,4.2,150,9,Bread,32
Modern Medium Crust Pizza Base,118,6,94,No,50 g,4.3,706,9,Bread,112
Modern Medium Crust Pizza Base Combo,70,6,91,No,50 g,4.6,160,9,Bread,64
Modern Medium Crust Pizza Base Combo,94,19,79,No,400 g,4.6,459,9,Bread,75
The Health Factory Zero Maida Pizza Base,38,3,92,Yes,140 g,4.4,140,9,Bread,35
Modern Medium Crust Pizza Base Combo,210,71,66,No,400 g,4.2,196,9,Bread,139
Modern Medium Crust Pizza Base Combo,49,4,91,Yes,240 g,4.4,240,9,Bread,45
Britannia Pav Combo,120,20,83,No,80 g,4.7,153,9,Bread,100
Britannia Pav Combo,98,8,91,No,80 g,4.3,753,9,Bread,90
The Health Factory Zero Maida Bread,425,135,68,No,80 g,4.6,203,9,Bread,290
Modern Medium Crust Pizza Base Combo,105,9,91,No,80 g,4.4,264,9,Bread,96
The Health Factory Zero Maida Bombay Pav,80,8,90,No,80 g,4.3,122,9,Bread,72
The Health Factory Zero Maida Burger Bun,68,5,92,No,225 g,4.3,228,9,Bread,63
The Health Factory Zero Maida Pizza Base,76,6,92,No,50 g,4.5,582,9,Bread,70
Britannia Pav Combo,350,76,78,No,150 g,4.6,743,9,Bread,274
The Health Factory Zero Maida Pizza Base,114,12,89,No,50 g,4.3,964,9,Bread,102
The Health Factory Zero Maida Burger Bun,74,14,81,No,50 g,4.2,633,9,Bread,60
The Health Factory Zero Maida Bombay Pav,120,15,87,No,50 g,4.7,98,9,Bread,105
The Health Factory Zero Maida Bombay Pav,95,7,92,No,150 g,4.6,875,9,Bread,88
The Health Factory Zero Maida Bombay Pav,143,22,84,No,50 g,4.6,737,9,Bread,121
The Health Factory Zero Maida Burger Bun,111,12,89,No,50 g,4.4,104,9,Bread,99
The Health Factory Zero Maida Multigrain Bread,429,62,85,No,450 g,4.4,203,9,Bread,367
The Health Factory Zero Maida Bombay Pav,414,54,86,No,400 g,4.6,516,9,Bread,360
D'lecta Cheese Slices,350,124,64,No,400 g,4.7,400,9,cheese,226
D'lecta Cheese Slices,109,22,79,Yes,140 g,4.7,140,9,cheese,87
Amul Diced Cheese Blend,129,15,88,No,200 g,4.7,200,9,cheese,114
Heritage Cheese Slices,75,27,64,No,100 g,4.7,100,9,cheese,48
Amul Processed Cheese Block,134,21,84,No,200 g,4.8,200,9,cheese,113
Amul Cheese Slices,149,30,79,No,200 g,4.8,200,9,cheese,119
D'lecta Cheese Slices,160,53,66,No,200 g,4.7,200,9,cheese,107
D'lecta Cheese Slices,155,46,70,No,200 g,4.6,200,9,cheese,109
Amul Processed Cheese Cubes,139,27,80,No,200 g,4.8,200,9,cheese,112
Go Cheese Slices,99,38,61,No,100 g,4.7,100,9,cheese,61
Go Processed Cheese Block,185,91,50,No,200 g,4.7,200,9,cheese,94
Heritage Cheese Slices,135,49,63,No,200 g,4.7,200,9,cheese,86
Milky Mist Shredded Mozzarella Pizza Cheese,140,28,80,No,200 g,4.8,200,9,cheese,112
Amul Diced Cheese Blend,540,78,85,No,1 kg,4.7,540,9,cheese,462
D'lecta Cheese Blocks,170,62,63,No,200 g,4.7,200,9,cheese,108
Britannia Cheese Slice,80,18,77,No,90 g,4.7,90,9,cheese,62
Britannia Cheese Cubes,135,29,78,No,200 g,4.6,200,9,cheese,106
Go Cheese Processed,155,46,70,No,200 g,4.8,200,9,cheese,109
Britannia Spreadable Cheese Triangles,135,36,73,Yes,120 g,4.4,135,9,cheese,99
Milky Mist Cheese,142,34,76,No,200 g,4.5,200,9,cheese,108
Britannia Cheese Slice,140,30,78,No,180 g,4.6,180,9,cheese,110
Milky Mist Processed Cheese,132,14,89,No,200 g,4.6,200,9,cheese,118
D'lecta Cheese Cubes,165,58,64,No,200 g,4.9,200,9,cheese,107
Britannia Cheese Block,130,35,73,No,200 g,4.3,599,9,cheese,95
Britannia Cheese Block,220,40,81,Yes,200 g,4.4,220,9,cheese,180
Amul Pizza Cheese Mozzarella Diced,560,101,81,No,1 kg,4.9,540,9,cheese,459
Amul Pizza Cheese Mozzarella Diced,220,39,82,Yes,200 g,4.7,581,9,cheese,181
Milky Mist Mozzarella Pizza Cheese,170,45,73,Yes,200 g,4.2,678,9,cheese,125
Amul Diced Cheddar,550,31,94,No,1 kg,4.2,646,9,cheese,519
Milky Mist Shredded Mozzarella Pizza Cheese,340,89,73,No,500 g,4.8,500,9,cheese,251
D'lecta Parmesan Extra Hard Cheese Blocks,350,17,95,Yes,100 g,3.9,461,9,cheese,333
D'lecta Cream Cheese,360,40,88,Yes,400 g,4.6,448,9,cheese,320
Britannia Cheese Slice,650,237,63,No,663 g,4.6,663,9,cheese,413
Britannia Cheese Slice,310,92,70,No,100 g,4.7,888,9,cheese,218
D'lecta Cheese Spread,99,29,70,No,150 g,4.6,150,9,cheese,70
Amul Cheese Spread Yummy Plain,114,15,86,No,200 g,4.6,200,9,cheese,99
Go Cheese Spread Plain,115,30,73,No,100 g,4.4,200,9,cheese,85
Go Processed Cheese Block Combo,370,180,51,No,100 g,4.2,193,9,cheese,190
Amul Diced Cheese Blend Combo,258,30,88,No,150 g,4.3,828,9,cheese,228
Britannia Cheese Spread Classic,110,32,70,No,180 g,4.9,180,9,cheese,78
Britannia Cheese Cubes Combo,270,58,78,No,200 g,4.3,639,9,cheese,212
Amul Processed Cheese Block Combo,268,42,84,No,200 g,4.5,842,9,cheese,226
Amul Cheese Slices Combo,298,60,79,No,200 g,4.6,331,9,cheese,238
Amul Cheese Slices Combo,218,44,79,No,200 g,4.3,277,9,cheese,174
Milky Mist Shredded Mozzarella Pizza Cheese Combo,280,56,80,No,200 g,4.3,634,9,cheese,224
Milky Mist Mozzarella Pizza Cheese Combo,340,94,72,No,200 g,4.5,493,9,cheese,246
Amul Processed Cheese Cubes Combo,278,54,80,No,200 g,4.4,485,9,cheese,224
Milky Mist Processed Cheese,264,42,84,No,200 g,4.2,331,9,cheese,222
D'lecta Cream Cheese,200,28,86,Yes,150 g,4.4,200,9,cheese,172
Milky Mist Cheese,284,68,76,No,150 g,4.4,520,9,cheese,216
D'lecta Cheese Slices Combo,320,106,66,No,150 g,4.6,749,9,cheese,214
Amul Processed Cheese Cubes,197,30,84,No,150 g,4.6,476,9,cheese,167
Britannia Cheese Slice Combo,280,60,78,No,150 g,4.7,543,9,cheese,220
D'lecta Cheese Cubes Combo,330,116,64,No,150 g,4.4,379,9,cheese,214
D'lecta Cheese Cubes Combo,440,78,82,No,150 g,4.4,908,9,cheese,362
D'lecta Cheese Cubes Combo,440,80,81,No,150 g,4.2,538,9,cheese,360
Go Cheese Slices Combo,198,76,61,No,150 g,4.5,328,9,cheese,122
D'lecta Parmesan Extra Hard Cheese Blocks Combo,700,44,93,No,150 g,4.5,423,9,cheese,656
Lay's American Cream,20,4,80,No,48 g,4.7,842,12,chips,16
Bingo! Original Style Chilli Sprinkled,20,4,80,No,48 g,4.7,362,12,chips,16
"Cheetos Classic Puffs, Cheese Flavoured Corn Chips, Party Snacks",134,38,71,No,135 g,4.8,186,12,chips,96
Crax Crunchy Pipes Masala Puff Snacks,60,28,53,No,65 g,4.5,65,12,chips,32
Lay's West Indies Hot 'n' Sweet Chilli Potato Chips,20,4,80,No,48 g,4.7,321,12,chips,16
Lay's India's Magic Masala Potato Chips,20,4,80,No,48 g,4.7,700,12,chips,16
Heka Bites Roasted Jowar Puffs Majestic Masala,48,11,77,No,40 g,4.5,48,12,chips,37
Cheetos Cheese Puffs,9,1,88,No,28 g,4.5,44,12,chips,8
Britannia Little Hearts Classic Crunch Flavoured Biscuits,75,21,72,No,52 g,4.2,491,12,chips,54
Kurkure Yummy PuffCorn Yummy Cheese Chips,20,4,80,No,52 g,4.8,351,12,chips,16
Lay's Potato Chips,20,3,85,No,48 g,4.7,182,12,chips,17
Ritebite Max Protein Cream,42,4,90,No,60 g,4.6,60,12,chips,38
Ritebite Max Protein Cream,84,10,88,No,10 g,4.3,292,12,chips,74
Lay's Spanish Tomato Tango Potato Chips,20,3,85,No,48 g,4.7,161,12,chips,17
Bingo! Mad Angles Achaari Masti Crisps,20,3,85,No,60 g,4.7,426,12,chips,17
Heka Bites Roasted Jowar Puffs Cheesy Salsa,48,10,79,No,40 g,4.6,48,12,chips,38
TTP Gourmet Popcorn,225,58,74,No,42 g,4.3,84,12,chips,167
Haldiram's Halke Fulke,29,1,96,No,100 g,4.6,100,12,chips,28
Cheetos Masala Balls,9,1,88,No,28 g,4.4,30,12,chips,8
4700BC Cheese Popcorn,50,8,84,No,50 g,4.5,4700,12,chips,42
4700BC Popcorn Himalayan Salt Caramel Pouch,49,14,71,No,60 g,4.5,4700,12,chips,35
Lay's Potato Chips,20,3,85,No,48 g,4.7,129,12,chips,17
Lay's Classic Salted Potato Chips,19,1,94,No,48 g,4.7,186,12,chips,18
4700BC Butter Popcorn Jumbo Pack,50,17,66,No,55 g,4.7,4700,12,chips,33
Let's Try Potato Wafers,60,23,61,No,54 g,4.3,60,12,chips,37
Kurkure Red Chilli Chataka Chips,20,3,85,No,68 g,4.7,207,12,chips,17
Yellow Diamond Cream 'N' Onion Chips,50,22,56,No,80 g,4.7,80,12,chips,28
4700BC x Netflix,26,2,92,No,30 g,4.8,4700,12,chips,24
4700BC Cheese Popcorn Jumbo Pack,27,1,96,No,25 g,3.9,347,12,chips,26
Yellow Diamond Spicy Korean Chips,50,22,56,No,80 g,4.5,80,12,chips,28
Modern Kitchens Hot Chips Spicy,70,26,62,No,100 g,4.1,100,12,chips,44
Uncle Chips Plain Salted,50,14,72,No,80 g,4.7,80,12,chips,36
Modern Kitchens Wheel Chips,60,30,50,No,60 g,4.4,60,12,chips,30
Lay's American Cream,48,14,70,No,80 g,4.7,838,12,chips,34
"Cheetos Masala Balls, Crispy Chips",50,19,62,No,84 g,4.7,84,12,chips,31
Bingo! Original Style Potato Chips,50,15,70,No,85 g,4.7,85,12,chips,35
Beyond Snack Kerala Banana chips,20,3,85,No,25 g,4.4,25,12,chips,17
Too Yumm! Bhoot Potato Chips Spicy Chilli Flavour Chips,60,17,71,No,79 g,4.7,79,12,chips,43
Pringles Potato Chips,60,16,73,No,40 g,4.5,60,12,chips,44
Lay's Spanish Tomato Tango Potato Chips,30,6,80,No,67 g,4.7,161,12,chips,24
Pringles Potato Chips,60,15,75,No,40 g,4.6,60,12,chips,45
Bingo! Original Style Salt Sprinkled,50,17,66,No,50 g,4.8,85,12,chips,33
Beyond Snack Kerala Banana Chips,20,3,85,No,25 g,4.5,25,12,chips,17
Too Yumm! Dahi Papdi Chaat Multigrain Healthy Chips High Protein Crunchy Crisps,40,14,65,No,70 g,4.7,70,12,chips,26
Crax Korean Ramen Noodle Puff Chips,60,28,53,No,70 g,4.6,70,12,chips,32
Lay's Spanish Tomato Tango Potato Chips,50,16,68,No,80 g,4.7,161,12,chips,34
Bingo! Potato Chips,20,4,80,No,25 g,4.6,45,12,chips,16
Lay's Classic Salted Potato Chips,30,3,90,No,67 g,4.7,185,12,chips,27
Balaji Simply Salted Chips,40,2,95,No,135 g,4.8,135,12,chips,38
Kellogg's Pringles Potato Chips Desi Masala Tadka Flavour,60,12,80,No,40 g,4.5,652,12,chips,48
Lay's Potato Chips Wafer style,20,4,80,No,48 g,4.7,48,12,chips,16
Modern Kitchens Hot Chips Salted,70,26,62,No,100 g,4.1,100,12,chips,44
Too Yumm! Kashmiri Chilli Spicy Potato Chips,50,15,70,No,79 g,4.6,79,12,chips,35
Lay's India's Magic Masala Potato Chips,85,27,68,No,143 g,4.7,697,12,chips,58
Bingo! Original Style Chilli Charged Tomato Chips,30,9,70,No,55 g,4.7,55,12,chips,21
Crax Masala Punch Potato Chips Snacks,50,17,66,No,85 g,4.7,85,12,chips,33
Lay's American Cream,85,31,63,No,143 g,4.7,838,12,chips,54
Pringles Potato Chips Pizza Flavour,125,34,72,No,102 g,4.6,125,12,chips,91
Lay's Classic Salted Potato Chips,50,10,80,No,82 g,4.7,185,12,chips,40
Modern Kitchens Banana Chips Salted,60,20,66,No,70 g,4.6,70,12,chips,40
Superyou Multigrain Masala Chips,40,4,90,No,40 g,4.7,762,12,chips,36
Pringles Potato Chips Peri Peri Flavour,125,38,69,No,102 g,4.4,125,12,chips,87
Pringles Potato Chips Original Flavour,125,38,69,No,107 g,4.5,125,12,chips,87
Pringles Chips,125,33,73,No,102 g,4.5,125,12,chips,92
Beyond Snack Kerala Banana Chips,60,16,73,No,70 g,4.5,70,12,chips,44
Wickedgud Chickpea Popped Chips,35,11,68,No,20 g,4.4,426,22,chips,24
The Healthy Binge Millet Baked Chips,40,7,82,No,40 g,4.4,40,12,chips,33
Superyou Multigrain Sour Cream,40,4,90,No,40 g,4.7,767,12,chips,36
Snackible Peri Peri Ragi Chips,50,8,84,No,55 g,4.7,55,12,chips,42
Khari Foods Peri Peri Beetroot Crispies Chips,55,11,80,No,50 g,4.8,55,12,chips,44
Superyou Multigrain Cheese,50,14,72,No,40 g,4.6,719,12,chips,36
Beyond Snack Kerala Banana Chips,60,6,90,No,70 g,4.6,70,12,chips,54
Beyond Snack Kerala Banana Chips,75,24,68,No,75 g,4.4,183,12,chips,51
Beyond Snack Kerala Banana Chips,75,24,68,No,75 g,4.4,189,12,chips,51
4700BC Chips+ Hawaiian Barbeque Popped Corn,50,14,72,No,55 g,4.5,4700,12,chips,36
Pringles Potato Chips Desi Masala Tadka Flavour,190,54,71,No,134 g,4.4,88,12,chips,136
Modern Kitchens Banana Chips Salted,120,38,68,No,160 g,4.7,160,12,chips,82
Healthy Master Baked Chips Combo 210G,399,56,85,No,210 g,4.4,217,22,chips,343
Bingo! Original Style Chilli Sprinkled,60,12,80,No,45 g,4.3,183,12,chips,48
Bingo! Original Style Chilli Sprinkled,80,20,75,No,46 g,4.6,926,12,chips,60
Kurkure Yummy PuffCorn Yummy Cheese Chips Combo,60,12,80,No,46 g,4.7,681,12,chips,48
Lay's American Cream,80,16,80,No,46 g,4.7,774,12,chips,64
Haldiram's Halke Fulke,60,4,93,No,46 g,4.3,710,12,chips,56
Bingo! Original Style Chilli Sprinkled,100,38,62,No,46 g,4.4,585,12,chips,62
Lay's Potato Chips,60,9,85,No,46 g,4.4,456,12,chips,51
Lay's West Indies Hot 'n' Sweet Chilli Potato Chips Combo,80,16,80,No,46 g,4.5,714,12,chips,64
Uncle Chips Spicy Treat Combo,100,32,68,No,46 g,4.2,425,12,chips,68
Lay's India's Magic Masala Potato Chips Combo,80,16,80,No,46 g,4.3,522,12,chips,64
Lay's American Cream,60,12,80,No,46 g,4.6,642,12,chips,48
Lay's India's Magic Masala Potato Chips Combo,40,8,80,No,46 g,4.3,997,12,chips,32
Kurkure Red Chilli Chataka Chips Combo,60,9,85,No,46 g,4.5,688,12,chips,51
Lay's Spanish Tomato Tango Potato Chips Combo,80,12,85,No,46 g,4.3,909,12,chips,68
Lay's Potato Chips,80,12,85,No,50 g,4.6,94,12,chips,68
Lay's India's Magic Masala Potato Chips Combo,96,28,70,No,50 g,4.4,322,12,chips,68
Beyond Snack Kerala Banana Chips,40,6,85,No,50 g,4.3,940,12,chips,34
Bingo Hashtags Potato Chips,60,22,63,No,50 g,4.6,188,12,chips,38
Bingo Hashtags Potato Chips,90,39,56,No,50 g,4.4,256,12,chips,51
Bingo Hashtags Potato Chips,60,20,66,No,50 g,4.3,250,12,chips,40
Lay's Classic Salted Potato Chips Combo,80,8,90,No,50 g,4.2,417,12,chips,72
Bingo! Original Style Potato Chips,100,32,68,No,50 g,4.5,242,12,chips,68
Uncle Chips Plain Salted Combo,100,28,72,No,50 g,4.4,92,12,chips,72
Lay's India's Magic Masala Potato Chips Combo,90,15,83,No,50 g,4.6,842,12,chips,75
Lay's American Cream,96,28,70,No,50 g,4.6,526,12,chips,68
Lay's American Cream,90,15,83,No,56 g,4.4,222,12,chips,75
Lay's Spanish Tomato Tango Potato Chips Combo,100,32,68,No,56 g,4.7,809,12,chips,68
Yellow Diamond Cream 'N' Onion Chips Combo,100,44,56,No,56 g,4.6,715,12,chips,56
Lay's Classic Salted Potato Chips Combo,60,6,90,No,56 g,4.4,774,12,chips,54
Lay's Classic Salted Potato Chips Combo,60,3,95,No,56 g,4.2,772,12,chips,57
Lay's Wafer Chips Red Chilli Combo,40,8,80,No,56 g,4.5,966,12,chips,32
Lay's Wafer Chips Red Chilli Combo,80,16,80,No,56 g,4.5,943,12,chips,64
Kurkure Yummy PuffCorn Yummy Cheese Chips Combo,120,24,80,No,75 g,4.4,925,12,chips,96
Lay's India's Magic Masala Potato Chips Combo,60,12,80,No,75 g,4.6,563,12,chips,48
Lay's Potato Chips,120,18,85,No,75 g,4.6,820,12,chips,102
Bingo! Original Style Chilli Sprinkled,300,114,62,No,100 g,4.2,408,12,chips,186
Modern Kitchens Hot Chips Spicy Combo,140,52,62,No,75 g,4.2,928,12,chips,88
Kurkure Red Chilli Chataka Chips Combo,120,18,85,No,75 g,4.4,516,12,chips,102
Bingo! Potato Chips,40,10,75,No,50 g,4.7,385,12,chips,30
Lay's Wafer Chips Red Chilli Combo,60,12,80,No,50 g,4.2,818,12,chips,48
Bingo! Original Style Chilli Sprinkled,150,63,58,No,50 g,4.4,680,12,chips,87
Beyond Snack Kerala Banana Chips,40,6,85,No,50 g,4.4,997,12,chips,34
Bingo! Original Style Chilli Charged Tomato Chips Combo,60,20,66,No,50 g,4.4,563,12,chips,40
Lay's Classic Salted Potato Chips Combo,100,24,76,No,50 g,4.5,576,12,chips,76
Modern Kitchens Wheel Chips Combo,120,60,50,No,50 g,4.6,175,12,chips,60
Bingo! Original Style Salt Sprinkled,100,34,66,No,50 g,4.4,571,12,chips,66
Bingo! Original Style Salt Sprinkled,150,51,66,No,50 g,4.3,188,12,chips,99
Lay's American Cream,120,20,83,No,50 g,4.3,210,12,chips,100
Bingo! Original Style Potato Chips,200,64,68,No,50 g,4.5,126,12,chips,136
Lay's American Cream,40,8,80,No,75 g,4.5,679,12,chips,32
Modern Kitchens Banana Chips Salted Combo,120,40,66,No,75 g,4.7,424,12,chips,80
Lay's India's Magic Masala Potato Chips Combo,170,54,68,No,75 g,4.5,153,12,chips,116
Bingo! Original Style Potato Chips,150,60,60,No,75 g,4.6,421,12,chips,90
Kurkure Red Chilli Chataka Chips Combo,40,6,85,No,75 g,4.2,252,12,chips,34
Uncle Chips Spicy Treat Combo,200,64,68,No,75 g,4.6,745,12,chips,136
Lay's West Indies Hot 'n' Sweet Chilli Potato Chips Combo,40,8,80,No,75 g,4.6,107,12,chips,32
Pringles Potato Chips,120,32,73,No,75 g,4.7,680,12,chips,88
Bingo! Original Style Chilli Sprinkled,40,8,80,No,75 g,4.6,411,12,chips,32
Lay's India's Magic Masala Potato Chips Combo,255,90,64,No,75 g,4.6,933,12,chips,165
Modern Kitchens Hot Chips Salted Combo,140,52,62,No,75 g,4.7,380,12,chips,88
Kurkure Yummy PuffCorn Yummy Cheese Chips Combo,40,8,80,No,75 g,4.6,560,12,chips,32
Lay's India's Magic Masala Potato Chips Combo,192,56,70,No,75 g,4.3,127,12,chips,136
Lay's India's Magic Masala Potato Chips Combo,180,30,83,No,75 g,4.3,274,12,chips,150
Lay's American Cream,192,56,70,No,75 g,4.3,803,12,chips,136
Too Yumm! Kashmiri Chilli Spicy Potato Chips,100,34,66,No,75 g,4.3,642,12,chips,66
Too Yumm! Kashmiri Chilli Spicy Potato Chips,150,57,62,No,75 g,4.7,73,12,chips,93
Lay's Potato Chips,40,6,85,No,75 g,4.2,587,12,chips,34
Pringles Potato Chips,180,48,73,No,75 g,4.4,551,12,chips,132
Lay'S American Cream,47,10,78,No,75 g,4.5,65,12,chips,37
Modern Kitchens Hot Chips Salted Combo,210,78,62,No,75 g,4.5,171,12,chips,132
Lay's Classic Salted Potato Chips Combo,40,2,95,No,75 g,4.7,116,12,chips,38
Lay's American Cream,144,42,70,No,75 g,4.5,612,12,chips,102
Lay's American Cream,60,10,83,No,75 g,4.5,606,12,chips,50
Lay's Classic Salted Potato Chips Combo,90,9,90,No,75 g,4.2,393,12,chips,81
Modern Kitchens Hot Chips Spicy Combo,280,104,62,No,75 g,4.7,548,12,chips,176
Lay's Classic Salted Potato Chips Combo,120,12,90,No,75 g,4.3,935,12,chips,108
Pringles Chips,250,66,73,No,75 g,4.5,85,12,chips,184
Yellow Diamond Plain Salted Chips Combo,100,36,64,No,75 g,4.3,801,12,chips,64
Uncle Chips Plain Salted Combo,200,56,72,No,75 g,4.4,927,12,chips,144
Modern Kitchens Hot Chips Spicy Combo,210,78,62,No,75 g,4.3,486,12,chips,132
Lay's Classic Salted Potato Chips Combo,200,40,80,No,100 g,4.5,928,12,chips,160
Pringles Potato Chips Peri Peri Flavour Combo,250,76,69,No,100 g,4.5,734,12,chips,174
Lay's Classic Salted Potato Chips Combo,150,30,80,No,100 g,4.5,365,12,chips,120
Modern Kitchens Wheel Chips Combo,180,90,50,No,100 g,4.3,346,12,chips,90
Yellow Diamond Cream 'N' Onion Chips Combo,150,66,56,No,100 g,4.4,631,12,chips,84
Lay'S American Cream,88,22,75,No,100 g,4.6,71,12,chips,66
Modern Kitchens Banana Chips Salted Combo,180,60,66,No,100 g,4.4,406,12,chips,120
Lay's Potato Chips Wafer style,40,8,80,No,100 g,4.4,193,12,chips,32
Modern Kitchens Banana Chips Salted Combo,360,114,68,No,100 g,4.4,245,12,chips,246
Modern Kitchens Banana Chips Salted Combo,240,76,68,No,100 g,4.5,676,12,chips,164
Nestle Munch Max Choco Coated Crunchy Wafer Bar,20,3,85,No,5 g,4.8,190,5,chocolate,17
Cadbury Dairy Milk Chocolate Bar,25,1,96,No,26 g,4.8,28,5,chocolate,24
Snickers Peanut Filled Chocolate Bar Loaded with Delicious Roasted Peanuts Combo,90,12,86,No,75 g,4.7,188,5,chocolate,78
Snickers Best of Minis Assorted Chocolates Mini Pack Combo,398,100,74,No,150 g,4.5,50,5,chocolate,298
Cadbury 5 Star Chocolate Bar,20,3,85,No,33 g,4.8,80,5,chocolate,17
Nestle KitKat 4 Fingers Choco Coated Wafer Bar,35,10,71,No,5 g,4.8,250,5,chocolate,25
Snickers Minis Chocolate Pack Loaded with Peanuts Nougat,135,34,74,No,75 g,4.8,135,5,chocolate,101
Cadbury 5 Star Chocolate Bar Kitted,53,10,81,No,16 g,4.8,53,5,chocolate,43
Snickers Minis Chocolate Pack Loaded with Peanuts Nougat,199,45,77,No,150 g,4.8,199,5,chocolate,154
Nestle KitKat Minis Choco Coated Wafer Bar,149,27,81,No,4 g,4.7,149,5,chocolate,122
Hershey's Kisses Milk Chocolate Share Bag,53,17,67,No,36 g,4.7,53,5,chocolate,36
Snickers Best of Minis Assorted Chocolates Mini Pack,199,50,74,No,150 g,4.6,199,5,chocolate,149
Snickers Minis Chocolate Pack Loaded with Peanuts Nougat,398,90,77,No,200 g,4.2,799,5,chocolate,308
Nestle Milkybar Choo Strawberry Flavour Sharebag,50,9,82,No,45 g,4.8,50,5,chocolate,41
Nestle Munch Choco Coated Wafer Bar,100,17,83,No,7 g,4.8,100,5,chocolate,83
Amul Milk Chocolate Smooth And Creamy,200,33,83,No,150 g,4.7,200,5,chocolate,167
Amul Almondo Chocolate,230,30,86,No,100 g,4.7,230,5,chocolate,200
Cadbury Dairy Milk Chocolate Bar,53,9,83,No,46 g,4.8,313,5,chocolate,44
Cadbury Dairy Milk Crispello Chocolate Bar,40,8,80,No,35 g,4.7,44,5,chocolate,32
Amul Fruit 'N' Nut Chocolate,180,7,96,No,150 g,4.8,180,5,chocolate,173
Twix Cookie Caramel Chocolate Bar Combo,178,52,70,No,140 g,4.4,478,5,chocolate,126
Cadbury Dairy Milk Silk Oreo Chocolate Bar,98,16,83,No,5 g,4.8,98,5,chocolate,82
Cadbury Dairy Milk Fruit,49,6,87,No,36 g,4.8,90,5,chocolate,43
Twix Minis Cookie Caramel Chocolate Pack,189,42,77,No,135 g,4.9,189,5,chocolate,147
Twix Cookie Caramel Chocolate Bar,89,26,70,No,50 g,4.8,89,5,chocolate,63
Cadbury Celebrations Assorted Chocolate Gift Pack,50,9,82,No,45 g,4.7,52,5,chocolate,41
Snickers Peanut Filled Chocolate Bar Loaded with Delicious Roasted Peanuts,45,6,86,No,40 g,4.7,45,5,chocolate,39
Go Zero,110,53,51,No,50 g,3.8,120,5,chocolate,57
Go Zero,220,106,51,No,75 g,4.2,385,5,chocolate,114
Cadbury Dairy Milk Chocolate Bar,125,25,80,No,112 g,4.8,313,5,chocolate,100
Cadbury Fuse Chocolate Bar,45,9,80,No,43 g,4.8,45,5,chocolate,36
Cadbury Dairy Milk Bites Almond Chocolate Pack,89,15,83,No,50 g,4.7,89,5,chocolate,74
Hershey's Creamy Milk Chocolate Bar,53,9,83,No,38 g,4.7,53,5,chocolate,44
Hershey's Creamy Milk Chocolate Bar,80,23,71,No,5 g,4.5,80,5,chocolate,57
Hershey's Dark Chocolate Bar,75,27,64,No,38 g,4.7,75,5,chocolate,48
Hershey's Cookies 'N' Creme Chocolate Bar,62,12,80,No,38 g,4.7,62,5,chocolate,50
Kinder Creamy Milky And Cocoa With Extruded Rice,25,3,88,No,19 g,4.7,25,5,chocolate,22
Hershey's Exotic Dark Blueberry And Acai Chocolates Share Bag,57,16,71,No,3 g,4.6,57,5,chocolate,41
Cadbury Dairy Milk Silk Bubbly Chocolate Bar,98,5,94,No,46 g,4.8,98,5,chocolate,93
Cadbury Dairy Milk Silk Chocolate Bar,102,11,89,No,55 g,4.8,102,5,chocolate,91
Snickers Peanut Filled Chocolate Bar Loaded with Delicious Roasted Peanuts,135,21,84,No,120 g,4.7,135,5,chocolate,114
Hershey's Whole Almonds Chocolate Bar,62,18,70,No,40 g,4.7,62,5,chocolate,44
Hershey's Kisses Cookies 'N' Cream Chocolate Share Bag,65,27,58,No,6 g,4.7,65,5,chocolate,38
Nestle KitKat Delights Caramel,90,25,72,No,50 g,4.6,90,5,chocolate,65
Cadbury Dairy Milk Bites Hazelnut Chocolate Pack,89,18,79,No,45 g,4.7,89,5,chocolate,71
Hershey's Kisses With Almonds Chocolate Share Bag,65,14,78,No,6 g,4.7,65,5,chocolate,51
Cadbury Dairy Milk Silk Mousse Chocolate Bar,98,7,92,No,5 g,4.7,98,5,chocolate,91
Galaxy Smooth Milk Chocolate Bar for Gifting,130,55,57,No,56 g,4.7,130,5,chocolate,75
Cadbury 5 Star Mini Treat Chocolate Pack,200,59,70,No,45 g,4.8,200,5,chocolate,141
Cadbury Dairy Milk Silk Fruit and Nut Chocolate Bar,98,13,86,No,51 g,4.8,98,5,chocolate,85
Cadbury Temptations Almond Treat Premium Chocolate Bar,125,25,80,No,70 g,4.8,125,5,chocolate,100
Amul Dark Chocolate Bar,180,9,95,No,150 g,4.8,180,5,chocolate,171
Hershey's Exotic Dark Chocolate Californian Almonds,60,16,73,No,30 g,4.6,60,5,chocolate,44
Bounty Miniatures Coconut Filled Chocolate Pack,179,66,63,No,56 g,4.7,179,5,chocolate,113
Hershey's Exotic Raspberry,65,23,64,No,3 g,4.7,65,5,chocolate,42
Cadbury 5 Star 3D Chocolate Bar,45,9,80,No,40 g,4.8,45,5,chocolate,36
Cadbury Dairy Milk Silk Ganache Chocolate Bar,110,27,75,No,54 g,4.7,110,5,chocolate,83
Cadbury Temptations Rum,125,22,82,No,70 g,4.7,125,5,chocolate,103
Cadbury Dairy Milk Silk Hazelnut Chocolate Bar,98,6,93,No,54 g,4.8,98,5,chocolate,92
Cadbury Dairy Milk Silk Chocolate Mini Treats Pack,214,64,70,No,76 g,4.8,214,5,chocolate,150
Cadbury Perk Plus Chocolate Coated Wafer Bar,19,1,94,No,38 g,4.7,220,5,chocolate,18
Cadbury Dairy Milk Silk Chocolate Bar,250,74,70,No,144 g,4.8,250,5,chocolate,176
Cadbury Dairy Milk Mini Treats Chocolate Pack,149,48,67,No,56 g,4.6,149,5,chocolate,101
Hershey's Kisses Choco Truffle,99,28,71,No,45 g,4.6,99,5,chocolate,71
Cadbury Dairy Milk Silk Desserts Plum Cake Chocolate Bar,120,29,75,No,70 g,4.5,120,5,chocolate,91
Nova Nova Best Bite Choco Filled Cones,99,24,75,No,50 g,4.6,99,5,chocolate,75
Cadbury Dairy Milk Fruit,107,13,87,No,75 g,4.8,107,5,chocolate,94
Luvit Goodies Assorted Chocolate Gift Pack,90,39,56,No,55 g,4.6,848,5,chocolate,51
"Fabelle Hazelnut Handcrafted Chocolate Truffles Inspired by Classic Desserts, Assorted Luxury Chocolates Gift Pack",120,42,65,No,55 g,3.6,587,5,chocolate,78
Mars Caramel Chocolate Bar,89,18,79,No,51 g,4.4,89,5,chocolate,71
Hershey's Kisses Milk Chocolate Share Bag,170,58,65,No,108 g,4.7,170,5,chocolate,112
Nova Nova Best Bite,99,21,78,No,50 g,4.5,99,5,chocolate,78
Hershey's Kisses Everyday Moments Chocolate Gift Pack,199,58,70,No,75 g,4.6,199,5,chocolate,141
Snickers Almond Filled Chocolate Bar,80,23,71,No,45 g,4.7,80,5,chocolate,57
Cadbury Dairy Milk Silk Oreo Chocolate Bar,240,43,82,No,124 g,4.8,240,5,chocolate,197
Nestle KitKat Delights Rich,210,57,72,No,150 g,4.6,210,5,chocolate,153
Nova Nova Choco Pockets,98,24,75,No,30 g,3.6,98,5,chocolate,74
Galaxy Smooth Milk Chocolate Bar for Gifting,199,51,74,No,110 g,4.7,199,5,chocolate,148
Hershey's Cookies N Creme Chocolate Bar,170,58,65,No,90 g,4.7,170,5,chocolate,112
Cadbury Dairy Milk Silk Roast Almond Chocolate Bar,214,28,86,No,134 g,4.8,214,5,chocolate,186
Cadbury Dairy Milk Silk Fruit and Nut Chocolate Bar,214,38,82,No,129 g,4.8,214,5,chocolate,176
Cadbury Dairy Milk Silk Fruit and Nut Chocolate Bar,200,63,68,No,125 g,4.7,200,5,chocolate,137
Hershey's Kisses Almonds Chocolate Share Bag,170,43,74,No,8 g,4.6,170,5,chocolate,127
Hershey's Whole Almonds Chocolate Bar,145,33,77,No,90 g,4.7,145,5,chocolate,112
Cadbury Dairy Milk Silk Mousse Chocolate Bar,240,55,77,No,110 g,4.7,240,5,chocolate,185
Cadbury Dairy Milk Silk Bubbly Chocolate Bar,240,73,69,No,112 g,4.8,240,5,chocolate,167
Hershey's Kisses Hazelnut 'N' Cookies Chocolate Share Bag,170,43,74,No,8 g,4.6,939,5,chocolate,127
Hershey's Kisses Hazelnut 'N' Cookies Chocolate Share Bag,130,16,87,No,56 g,4.6,130,5,chocolate,114
Cadbury Dairy Milk Silk Ganache Chocolate Bar,134,34,74,No,78 g,4.7,134,5,chocolate,100
Cadbury Dairy Milk Silk Ganache Chocolate Bar,240,55,77,No,137 g,4.7,240,5,chocolate,185
Hershey's Exotic Dark Blueberry And Acai Chocolate Share Bag,175,49,72,No,100 g,4.7,175,5,chocolate,126
Hershey's Cookies N Creme Chocolate Share Bag,170,57,66,No,8 g,3.9,433,5,chocolate,113
Nova Nova Waffle Chocolates,199,53,73,No,20 g,4.3,199,5,chocolate,146
Hershey's Exotic Dark Pomegranate Chocolate Share Bag,175,59,66,No,100 g,4.4,569,5,chocolate,116
Sugar Free D'lite Rich Cocoa Dark Chocolate Bar,110,38,65,No,40 g,4.6,110,5,chocolate,72
Cadbury Dairy Milk Silk Hazelnut Chocolate Bar,240,47,80,No,134 g,4.8,240,5,chocolate,193
Sugar free D'lite Hazelnut,97,25,74,No,40 g,4.6,97,5,chocolate,72
Lo Foods Dark Chocolate Bar Hazelnut Premium Sugar Free Chocolate Rich Healthy Chocolates,179,11,93,No,40 g,4.5,121,5,chocolate,168
Hershey's Exotic Raspberry And Goji Dark Chocolate Share Bag,175,49,72,No,100 g,4.6,175,5,chocolate,126
Luvit Dark Compound Chocolate,325,81,75,No,500 g,4.8,500,5,chocolate,244
Hershey's Dark Chocolate Bar,170,48,71,No,90 g,4.7,753,5,chocolate,122
Hershey's Kisses Moments Chocolate Gift pack,525,214,59,No,150 g,4.7,264,5,chocolate,311
Cadbury 5 Star Chocolate Bar Combo,40,6,85,No,50 g,4.2,812,5,chocolate,34
Cadbury Gems Chocolate Duo Pack Combo,40,8,80,No,50 g,4.6,297,5,chocolate,32
Cadbury 5 Star Chocolate Bar Combo,60,9,85,No,50 g,4.5,992,5,chocolate,51
Cadbury 5 Star Chocolate Bar Kitted Combo,106,20,81,No,50 g,4.5,90,5,chocolate,86
Cadbury Dairy Milk Fruit,98,12,87,No,75 g,4.6,388,5,chocolate,86
Cadbury Gems Chocolate Duo Pack,20,4,80,No,15 g,4.7,97,5,chocolate,16
Cadbury Dairy Milk Chocolate Bar Combo,106,18,83,No,44 g,4.7,252,5,chocolate,88
Cadbury Dairy Milk Roast Almond Chocolate Bar Combo,106,14,86,No,35 g,4.6,126,5,chocolate,92
Cadbury Dairy Milk Roast Almond Chocolate Bar Combo,98,12,87,No,67 g,4.4,452,5,chocolate,86
Cadbury Dairy Milk Crispello Chocolate Bar Combo,80,16,80,No,45 g,4.5,257,5,chocolate,64
Cadbury Dairy Milk Silk Oreo Chocolate Bar Combo,196,32,83,No,56 g,4.2,459,5,chocolate,164
Nestle Kitkat 4 Fingers Choco Coated Wafer Bar Combo,70,20,71,No,75 g,4.7,186,5,chocolate,50
Hershey's Cookies 'N' Creme Chocolate Bar Combo,124,28,77,No,50 g,4.7,799,5,chocolate,96
Cadbury Dairy Milk Crackle Chocolate Bar Combo,110,24,78,No,50 g,4.7,344,5,chocolate,86
Cadbury Dairy Milk Chocolate Bar Combo,250,50,80,No,150 g,4.3,299,5,chocolate,200
Hershey'S Kisses Milk Chocolate Share Bag Combo,106,34,67,No,75 g,4.4,565,5,chocolate,72
Cadbury Dairy Milk Silk Roast Almond Chocolate Bar Combo,196,22,88,No,100 g,4.4,56,5,chocolate,174
Cadbury Dairy Milk Bites Almond Chocolate Pack Combo,178,48,73,No,100 g,4.6,583,5,chocolate,130
Hershey'S Creamy Milk Chocolate Bar Combo,106,20,81,No,70 g,4.5,352,5,chocolate,86
Cadbury Dairy Milk Chocolate Bar Combo,212,36,83,No,100 g,4.7,580,5,chocolate,176
Cadbury Dairy Milk Bites Almond Chocolate Pack Combo,267,84,68,No,100 g,4.2,822,5,chocolate,183
Cadbury Nutties Chocolate Pack Combo,150,33,78,No,100 g,4.5,622,5,chocolate,117
Cadbury Dairy Milk Fruit,294,36,87,No,100 g,4.5,877,5,chocolate,258
Cadbury Dairy Milk Roast Almond Chocolate Bar Combo,53,7,86,No,30 g,4.7,53,5,chocolate,46
Cadbury Dairy Milk Silk Fruit and Nut Chocolate Bar Combo,196,26,86,No,150 g,4.2,619,5,chocolate,170
Cadbury Dairy Milk Bites Hazelnut Chocolate Pack Combo,178,48,73,No,150 g,4.7,853,5,chocolate,130
Nestle Milkybar Tablet Made With Milk Yummy,80,26,67,No,150 g,4.5,625,5,chocolate,54
Cadbury Dairy Milk Silk Bubbly Chocolate Bar Combo,196,10,94,No,25 g,4.3,824,5,chocolate,186
Cadbury Nutties Chocolate Pack Combo,200,44,78,No,100 g,4.2,154,5,chocolate,156
Cadbury Dairy Milk Minis Home Treats Chocolate Combo,534,159,70,No,100 g,4.2,339,5,chocolate,375
Cadbury Dairy Milk Silk Chocolate Bar Combo,204,30,85,No,100 g,4.2,198,5,chocolate,174
Cadbury Dairy Milk Fruit,147,24,83,No,100 g,4.5,339,5,chocolate,123
Cadbury Dairy Milk Roast Almond Chocolate Bar Combo,300,76,74,No,100 g,4.6,844,5,chocolate,224
Cadbury Dairy Milk Silk Roast Almond Chocolate Bar Combo,294,33,88,No,100 g,4.2,853,5,chocolate,261
Cadbury Dairy Milk Crispello Chocolate Bar Combo,240,48,80,No,100 g,4.5,149,5,chocolate,192
Cadbury Dairy Milk Roast Almond Chocolate Bar Combo,294,36,87,No,100 g,4.3,554,5,chocolate,258
Cadbury Dairy Milk Chocolate Bar Combo,104,4,96,No,100 g,4.4,607,5,chocolate,100
Cadbury Dairy Milk Roast Almond Chocolate Bar Combo,160,46,71,No,100 g,4.5,991,5,chocolate,114
Cadbury Dairy Milk Bites Hazelnut Chocolate Pack Combo,267,84,68,No,27 g,4.2,783,5,chocolate,183
Cadbury Dairy Milk Silk Chocolate Bar Combo,306,60,80,No,100 g,4.5,463,5,chocolate,246
Cadbury Dairy Milk Roast Almond Chocolate Bar Combo,147,21,85,No,100 g,4.6,312,5,chocolate,126
Cadbury Dairy Milk Crackle Chocolate Bar Combo,165,36,78,No,100 g,4.2,336,5,chocolate,129
Dark Delight,150,38,74,No,75 g,4.7,150,5,chocolate,112
Cadbury Dairy Milk Silk Hazelnut Chocolate Bar Combo,196,12,93,No,100 g,4.2,349,5,chocolate,184
Hershey's Dark Chocolate Bar Combo,150,54,64,No,100 g,4.5,213,5,chocolate,96
Cadbury Dairy Milk Crackle Chocolate Bar Combo,330,72,78,No,100 g,4.2,512,5,chocolate,258
Hershey'S Whole Almonds Chocolate Bar Combo,124,36,70,No,100 g,4.2,598,5,chocolate,88
Cadbury Dairy Milk Silk Ganache Chocolate Bar Combo,220,54,75,No,100 g,4.3,359,5,chocolate,166
Cadbury Dairy Milk Roast Almond Chocolate Bar Combo,134,20,85,No,75 g,4.8,134,5,chocolate,114
Cadbury Dairy Milk Silk Mousse Chocolate Bar Combo,196,14,92,No,75 g,4.3,886,5,chocolate,182
Cadbury Dairy Milk Roast Almond Chocolate Bar Combo,268,50,81,No,75 g,4.7,311,5,chocolate,218
Cadbury Dairy Milk Chocolate Bar Combo,159,27,83,No,75 g,4.6,208,5,chocolate,132
Cadbury Dairy Milk Roast Almond Chocolate Bar Combo,268,54,79,No,75 g,4.4,750,5,chocolate,214
Cadbury Dairy Milk Fruit,214,26,87,No,75 g,4.4,446,5,chocolate,188
Cadbury Gems Surprise Ball Chocolate,50,14,72,No,69 g,4.5,69,5,chocolate,36
Cadbury Dairy Milk Roast Almond Chocolate Bar Combo,135,28,79,No,78 g,4.8,135,5,chocolate,107
Cadbury Dairy Milk Roast Almond Chocolate Bar Combo,134,20,85,No,75 g,4.7,134,5,chocolate,114
Cadbury Dairy Milk Silk Chocolate Bar Combo,500,148,70,No,100 g,4.6,339,5,chocolate,352
Cadbury Nutties Chocolate Pack Combo,100,22,78,No,75 g,4.7,326,5,chocolate,78
Nova Nova Best Bite,198,42,78,No,100 g,4.4,778,5,chocolate,156
Cadbury Dairy Milk Bites,178,33,81,No,100 g,4.2,915,5,chocolate,145
Snickers Almond Filled Chocolate Bar Combo,160,46,71,No,100 g,4.2,531,5,chocolate,114
Nova Nova Best Bite Choco Filled Cones,198,48,75,No,100 g,4.2,753,5,chocolate,150
Ferrero Rocher Moments Chocolate Pack Combo,538,144,73,No,100 g,4.4,870,5,chocolate,394
Hershey's Cookies N Creme Chocolate Bar Combo,340,116,65,No,100 g,4.6,643,5,chocolate,224
Cadbury Dairy Milk Silk Fruit and Nut Chocolate Bar Combo,428,76,82,No,100 g,4.7,238,5,chocolate,352
Cadbury Dairy Milk Roast Almond Chocolate Bar Combo,212,28,86,No,35 g,4.7,229,5,chocolate,184
Amul Fruit 'N' Nut Chocolate Combo,360,18,95,No,75 g,4.6,343,5,chocolate,342
Galaxy Smooth Milk Chocolate Bar Loaded with the Goodness of Milk,130,42,67,No,100 g,4.2,937,5,chocolate,88
Cadbury Dairy Milk Silk Mousse Chocolate Bar 50 gms,196,20,89,No,100 g,4.5,452,5,chocolate,176
Cadbury Dairy Milk Silk Oreo Chocolate Bar Combo,480,98,79,No,100 g,4.6,852,5,chocolate,382
Cadbury Dairy Milk Roast Almond Chocolate Bar Combo,400,126,68,No,125 g,4.2,272,5,chocolate,274
Amul Milk Chocolate Smooth And Creamy Combo,400,66,83,No,100 g,4.3,863,5,chocolate,334
Cadbury Dairy Milk Silk Bubbly Chocolate Bar Combo,480,146,69,No,100 g,4.6,182,5,chocolate,334
Cadbury Dairy Milk Minis Home Treats Chocolate Combo,356,106,70,No,100 g,4.4,129,5,chocolate,250
Cadbury Dairy Milk Silk Oreo Chocolate Bar,196,27,86,No,58 g,4.5,460,5,chocolate,169
Toblerone Swiss Dark Chocolate With Honey,798,270,66,No,100 g,4.4,937,5,chocolate,528
Cadbury Dairy Milk Silk Bubbly Chocolate 50 gms,196,12,93,No,100 g,4.4,171,5,chocolate,184
Amul Almondo Chocolate Combo,460,60,86,No,100 g,4.4,769,5,chocolate,400
Nova Nova Choco Pockets,196,48,75,No,56 g,4.4,272,5,chocolate,148
Cadbury Dairy Milk Roast Almond Chocolate Bar Combo,260,32,87,No,100 g,4.3,750,5,chocolate,228
Cadbury Dairy Milk Silk Roast Almond Chocolate Bar Combo,642,108,83,No,100 g,4.5,550,5,chocolate,534
Cadbury Dairy Milk Silk Chocolate Bar,200,27,86,No,64 g,4.7,68,5,chocolate,173
Nova Nova Best Bite,198,45,77,No,100 g,4.2,223,5,chocolate,153
Cadbury Dairy Milk Chocolate Bar Combo,375,81,78,No,100 g,4.7,446,5,chocolate,294
Amul Almondo Chocolate Combo,690,99,85,No,100 g,4.7,899,5,chocolate,591
Hershey's Whole Almonds Chocolate Bar Combo,186,54,70,No,100 g,4.5,614,5,chocolate,132
Cadbury Dairy Milk Silk Ganache Chocolate Bar Combo,480,110,77,No,100 g,4.2,821,5,chocolate,370
Cadbury Dairy Milk Silk Roast Almond Chocolate Bar Combo,428,56,86,No,100 g,4.6,494,5,chocolate,372
Didier,149,15,89,No,40 g,4.4,201,5,chocolate,134
Didier,159,21,86,No,100 g,4.2,220,5,chocolate,138
Ferrero Rocher Moments Chocolate Pack Combo,1076,288,73,No,100 g,4.7,524,5,chocolate,788
Cadbury Dairy Milk Silk Bubbly Chocolate 50 gms,196,18,90,No,100 g,4.6,116,5,chocolate,178
Galaxy Smooth Milk Chocolate Bar Loaded with the Goodness of Milk,260,110,57,No,100 g,4.6,986,5,chocolate,150
Galaxy Smooth Milk Chocolate Bar Loaded with the Goodness of Milk,149,15,89,No,40 g,4.6,271,5,chocolate,134
Hershey's Dark Chocolate Bar Combo,225,81,64,No,75 g,4.3,99,5,chocolate,144
Galaxy Smooth Milk Chocolate Bar Loaded with the Goodness of Milk,284,58,79,No,75 g,4.6,737,5,chocolate,226
Nova Nova Choco Pockets,294,72,75,No,100 g,4.3,914,5,chocolate,222
Galaxy Smooth Milk Chocolate Bar Loaded with the Goodness of Milk,285,66,76,No,78 g,4.3,786,5,chocolate,219
Nova Nova Choco Pockets,149,19,87,No,40 g,4.7,117,5,chocolate,130
Cadbury Studio Chocolat A L'Orange Signature Pralines Chocolate Gift Pack,500,164,67,No,100 g,4.4,85,5,chocolate,336
Cadbury Dairy Milk Silk Mousse Chocolate Bar Combo,480,110,77,No,100 g,4.3,382,5,chocolate,370
Cadbury Dairy Milk Silk Mousse Chocolate Bar Combo,120,13,89,No,40 g,4.9,134,5,chocolate,107
Didier,149,14,90,No,40 g,4.1,116,5,chocolate,135
Galaxy Smooth Milk Chocolate Bar Loaded with the Goodness of Milk,398,102,74,No,100 g,4.5,626,5,chocolate,296
Luvit Dark Compound Chocolate Combo,650,168,74,No,100 g,4.3,187,5,chocolate,482
Hershey'S Dark Chocolate Bar Combo,340,96,71,No,100 g,4.4,540,5,chocolate,244
Hershey'S Dark Chocolate Bar Combo,349,130,62,No,80 g,4.6,231,5,chocolate,219
Lindt Swiss Classic Milk Chocolate Combo,1098,380,65,No,100 g,4.2,460,5,chocolate,718
Lindt Swiss Classic Milk Chocolate Combo,899,234,73,No,75 g,4.2,195,5,chocolate,665
Lindt Swiss Classic Milk Chocolate Combo,929,334,64,No,80 ml,4.2,117,5,chocolate,595
Didier,599,158,73,No,75 g,4.2,126,5,chocolate,441
Didier,509,115,77,No,75 g,4.3,77,5,chocolate,394
Snickers Peanut Filled Chocolate Bar Loaded with Delicious Roasted Peanuts Combo,180,24,86,No,100 g,4.3,102,5,chocolate,156
Britannia Good Day Chunkies Chocochip Cookies,45,13,71,No,75 g,4.7,75,5,cookies,32
Parle Hide,30,9,70,No,100 g,4.7,314,5,cookies,21
Britannia Pure Magic Choco Frames,55,9,83,No,50 g,4.6,411,5,cookies,46
Britannia Pure Magic Choco Frames,70,7,90,No,100 g,4.5,100,5,cookies,63
Parle Hide,35,7,80,No,60 g,4.7,60,5,cookies,28
UNIBIC Choco Chip Cookies,27,8,70,No,5 g,4.7,67,5,cookies,19
Nutrisum Oats Cookies,85,40,52,No,70 g,4.5,968,5,cookies,45
Britannia Little Hearts Classic Crunch Biscuits,25,7,72,No,70 g,4.7,164,5,cookies,18
UNIBIC Assorted Cookies,340,152,55,No,5 g,4.7,340,5,cookies,188
Parle Hide,53,13,75,No,200 g,4.7,200,5,cookies,40
"Sunfeast Dark Fantasy Choco Fills, Original Filled Cookies with Choco Crème",35,3,91,No,69 g,4.7,237,5,cookies,32
Let'S Try Ragi Kaju Pista Cookies,220,95,56,No,200 g,4.2,220,5,cookies,125
Let's try Ragi Kaju Pista Millet Cookies,440,206,53,No,200 g,4.3,393,5,cookies,234
UNIBIC Choco Nut Cookies,27,2,92,No,5 g,4.6,67,5,cookies,25
Cadbury Chocobakes ChocoChip Cookies,40,10,75,No,83 g,4.6,83,5,cookies,30
Cadbury Chocobakes ChocoChip Cookies,60,23,61,No,5 g,4.6,67,5,cookies,37
"Ritebite Max Protein Cookie Choco Almond, Sugar Free Premium Biscuit Cookies",53,5,90,No,60 g,4.5,60,5,cookies,48
Britannia Good Day Chunkies Coconut Cookies,45,12,73,No,100 g,4.7,100,5,cookies,33
Parle Hide,30,9,70,No,100 g,4.6,100,5,cookies,21
"Ritebite Max Protein Cookie Choco Chips, No Maida Multigrain Premium Biscuit Cookies",44,5,88,No,55 g,4.7,55,5,cookies,39
Britannia NutriChoice Chocolate and Almond Oats Biscuits,25,9,64,No,75 g,4.6,75,21,cookies,16
Cadbury Chocobakes ChocoChip Cookies,80,26,67,No,167 g,4.8,167,21,cookies,54
UNIBIC Cashew Badam Cookies,122,44,63,No,270 g,4.6,270,5,cookies,78
Sunfeast Baked Creations Rich Choco Chip Cookies,170,54,68,No,20 g,4.6,805,5,cookies,116
Britannia Good Day Chunky Chocolate Flavoured Biscuits,90,26,71,No,20 g,4.2,630,5,cookies,64
Parle Milano Choco,40,12,70,No,60 g,4.7,60,5,cookies,28
Britannia Nutrichoice Almond and Oats Milk Biscuits,22,7,68,No,75 g,4.7,75,5,cookies,15
The Baker's Dozen Zero Maida Coconut and Oats Biscuits Cookies,89,31,65,No,80 g,4.4,89,5,cookies,58
The Baker's Dozen High Protein Peanut Butter Cookies Biscuits,105,35,66,No,75 g,4.1,298,5,cookies,70
The Baker's Dozen Dark Chocolate Flavoured Biscuits Cookies,119,11,90,No,100 g,4.2,119,5,cookies,108
Sunfeast Farmlite Oats,75,20,73,No,150 g,4.7,150,5,cookies,55
Britannia Good Day ChocoChip Cookies,135,56,58,No,100 g,4.7,135,5,cookies,79
UNIBIC Danish Coconut Cookies,165,60,63,No,270 g,4.6,270,5,cookies,105
Sunfeast Farmlite Oats,75,30,60,No,150 g,4.7,150,5,cookies,45
Open Secret Zero Maida Assorted Chocolate Cookies,105,29,72,No,50 g,4.6,105,5,cookies,76
Open Secret Zero Maida Assorted Chocolate Cookies,80,23,71,No,85 g,4.6,153,5,cookies,57
Parle Platina Milano Dark Choco Biscuits,170,69,59,No,200 g,4.7,200,5,cookies,101
Dukes Nice Biscuits,32,12,62,No,145 g,4.7,145,5,cookies,20
Karachi Bakery Fruit Biscuit,187,58,68,No,400 g,4.3,400,5,cookies,129
Cadbury Bournvita Biscuit,35,8,77,No,6 g,4.7,111,5,cookies,27
Parle Happy Happy choco chip cookies,133,57,57,No,396 g,4.7,396,5,cookies,76
Parle Hide,125,57,54,No,308 g,4.7,308,5,cookies,68
Karachi Bakery Osmania Biscuits,169,26,84,No,400 g,4.2,400,5,cookies,143
Britannia Good Day Fruit and Nut Cookies,200,65,67,No,450 g,4.7,450,5,cookies,135
CookieMan Choco Chunk Cookies,145,34,76,No,120 g,4.1,606,21,cookies,111
Unifit Oats Coconut Cookies,85,24,71,No,75 g,4.5,438,21,cookies,61
Karachi Bakery Cashew Biscuits,210,63,70,No,400 g,3.9,400,5,cookies,147
Britannia Tiger Krunch Biscuits,150,60,60,No,400 g,4.7,400,5,cookies,90
Britannia Good Day Pista Badam Cookies,55,12,78,No,200 g,4.5,200,5,cookies,43
Britannia Good Day Cashew Cookies,50,11,78,No,200 g,4.6,200,5,cookies,39
Britannia Nutrichoice Oats Cookies Diabetic Friendly,65,15,76,No,150 g,4.7,150,5,cookies,50
CookieMan Hand Pound Chocolate Cookies,99,18,81,No,100 g,4.5,449,5,cookies,81
Sunfeast Baked Creations Oats,130,39,70,No,120 g,4.5,589,5,cookies,91
The Baker's Dozen Nankhatai Premium Butter Flavoured Pure Ghee Biscuits Cookies,139,25,82,No,105 g,3.2,784,21,cookies,114
UNIBIC Choco Chip My Favourite Pack,165,72,56,No,105 g,4.6,165,5,cookies,93
UNIBIC Choco Chip My Favourite Pack,70,18,74,No,85 g,4.5,153,5,cookies,52
Britannia Good Day Cashew Cookies,320,135,57,No,905 g,4.6,905,5,cookies,185
Mcvitie's Tasties Cashew Almond Biscuits,171,83,51,No,560 g,4.6,560,5,cookies,88
Britannia Good Day Cashew Cookies,135,52,61,No,565 g,4.6,565,5,cookies,83
Mom's Magic Rich Cashew Almond Cookies,160,78,51,No,560 g,4.6,560,5,cookies,82
Karachi Bakery Double Delightt Fruit,210,10,95,No,400 g,4.4,428,5,cookies,200
Let'S Try Oats Choco Chip Cookies,220,95,56,No,200 g,3.9,615,21,cookies,125
Cafe Niloufer Osmania Biscuits,230,36,84,No,400 g,4.7,997,5,cookies,194
Parle Hide,150,52,65,No,5 g,4.6,412,5,cookies,98
Parle 20,89,44,50,No,300 g,4.7,300,5,cookies,45
Karachi Bakery Pista Biscuits,210,24,88,No,400 g,4.4,471,5,cookies,186
Karachi Bakery 2in1,210,10,95,No,400 g,3.5,432,5,cookies,200
Let'S Try Oats Coconut Cookies,220,97,55,No,200 g,4.7,907,21,cookies,123
Bonn Jeera Bite Biscuits Sweet Salty Family Pack Biscuit For Tea Time,100,18,82,No,200 g,4.7,979,21,cookies,82
Mcvitie's Tasties Coconut Biscuits,180,45,75,No,66 g,4.1,180,5,cookies,135
Parle 20,190,94,50,No,600 g,4.7,600,5,cookies,96
"Kikibix Cranberry Walnut Healthy Biscuits, Jaggery Oats Cookies, Digestive, No Maida, No Palm Oil",200,54,73,No,130 g,4.5,211,21,cookies,146
Open Secret Zero Maida Assorted Chocolate Cookies,200,48,76,No,130 g,4.3,236,21,cookies,152
McVitie's Tasties Butter Jeera Cookies,160,79,50,No,58 g,4.7,583,5,cookies,81
CookieMan Almond Biscotti,269,89,66,No,250 g,2.2,194,5,cookies,180
Cookie Man Premium Assorted Cookies,599,150,74,No,55 g,4.7,738,5,cookies,449
Parle Hide,71,13,81,No,55 g,4.2,183,5,cookies,58
Britannia Little Hearts Classic Crunch Flavoured Biscuits,50,14,72,No,55 g,4.6,246,5,cookies,36
UNIBIC Choco Nut Flavoured Biscuits,54,4,92,No,55 g,4.7,776,5,cookies,50
Oreo Chocobakes Choc Filled Cookies Chocolate Centre Fills,60,10,83,No,55 g,4.6,740,5,cookies,50
UNIBIC Choco Chip Flavoured Biscuits,81,24,70,No,55 g,4.3,618,5,cookies,57
Parle Hide and Seek Milano Choco Chip Flavoured Biscuits,150,70,53,No,55 g,4.6,267,5,cookies,80
"Open Secret Zero Maida Chocolate Millet Biscuit, Healthy Snacks with No Refined Sugar",45,13,71,No,40 g,4.5,45,5,cookies,32
Sunfeast Mom's Magic Rich Butter Cookies,25,5,80,No,147 g,4.5,147,21,cookies,20
Parle Hide,120,36,70,No,5 g,4.4,957,5,cookies,84
Parle Hide,106,27,74,No,75 g,4.6,670,5,cookies,79
Parle Hide,60,18,70,No,56 g,4.2,821,5,cookies,42
Cadbury Oreo Choco Chip Flavoured Biscuits,80,20,75,No,56 g,4.7,985,5,cookies,60
Britannia Good Day Chunkies Coconut Flavoured Biscuits,90,24,73,No,56 g,4.6,432,5,cookies,66
Cafe Niloufer Osmania Butter Flavoured Biscuits,240,14,94,No,100 g,4.6,943,5,cookies,226
Parle Hide,90,27,70,No,56 g,4.5,253,5,cookies,63
Parle Hide,90,27,70,No,56 g,4.7,62,5,cookies,63
Britannia Little Hearts Classic Crunch Flavoured Biscuits,100,28,72,No,56 g,4.6,460,5,cookies,72
UNIBIC Choco Nut Flavoured Biscuits,108,8,92,No,56 g,4.7,72,5,cookies,100
UNIBIC Choco Nut Flavoured Biscuits,81,6,92,No,56 g,4.4,712,5,cookies,75
Britannia Good Day Pista and Badam Dry Fruit Biscuits,45,7,84,No,56 g,4.7,496,5,cookies,38
Britannia Good Day Cashew Dry Fruit Biscuits,100,28,72,No,56 g,4.5,449,5,cookies,72
Dukes Creme 4 Fun Chocolate Flavoured Sandwich Cream Biscuits,80,36,55,No,45 g,4.2,998,5,cookies,44
Open Secret Zero Maida Butter Millet Biscuit,45,13,71,No,40 g,4.4,45,5,cookies,32
Lo Foods Gluten Free Sugar Free Biscuit,99,14,85,No,75 g,4.7,245,21,cookies,85
Sunfeast Nice Biscuit Coconut Flavoured Biscuits,44,10,77,No,75 g,4.2,868,5,cookies,34
Britannia Nice Time Coconut Flavoured Biscuits,67,11,83,No,75 g,4.2,120,5,cookies,56
Sugar Free D'Lite Choco Chip Cookies,65,19,70,No,75 g,4.6,75,5,cookies,46
Parle Hide,106,20,81,No,75 g,4.4,973,5,cookies,86
Dukes Creme 4 Fun Orange Flavoured Sandwich Cream Biscuits,72,32,55,No,75 g,4.4,790,5,cookies,40
Britannia Good Day Pista and Badam Dry Fruit Biscuits,90,14,84,No,75 g,4.2,424,5,cookies,76
Sunfeast Nice Biscuit Coconut Flavoured Biscuits,66,18,72,No,75 g,4.3,465,5,cookies,48
Britannia Good Day Cashew Dry Fruit Biscuits,75,21,72,No,75 g,4.6,966,5,cookies,54
Britannia Nutrichoice Almond and Oats Milk Biscuits,67,20,70,No,75 g,4.6,162,5,cookies,47
Britannia Nice Time Coconut Flavoured Biscuits,45,7,84,No,75 g,4.6,446,5,cookies,38
Parle Hide,160,40,75,No,75 g,4.2,144,5,cookies,120
Dukes Nice Coconut Flavoured Biscuits,128,48,62,No,75 g,4.2,84,5,cookies,80
Parle Hide and Seek Milano Choco Chip Flavoured Biscuits,225,105,53,No,75 g,4.2,136,5,cookies,120
Britannia Good Day Cashew Dry Fruit Biscuits,50,14,72,No,75 g,4.3,434,5,cookies,36
Britannia Good Day Chunky Chocolate Flavoured Biscuits,135,39,71,No,75 g,4.4,473,5,cookies,96
UNIBIC Choco Chip Flavoured Biscuits,330,144,56,No,75 g,4.6,209,5,cookies,186
UNIBIC Sugar Free Oatmeal Cookies,60,24,60,No,5 g,4.6,67,5,cookies,36
Britannia Nutrichoice Almond and Oats Milk Biscuits,45,13,71,No,5 g,4.2,895,5,cookies,32
Parle Hide,213,54,74,No,5 g,4.2,595,5,cookies,159
Karachi Bakery Fruit Flavoured Biscuits,374,116,68,No,56 g,4.3,551,5,cookies,258
Slurrp Farm No Maida Banana Oat Cookies Combo,198,98,50,No,56 g,4.3,313,5,cookies,100
Britannia Good Day Cashew Dry Fruit Biscuits,150,33,78,No,56 g,4.5,815,5,cookies,117
Britannia Good Day Cashew Dry Fruit Biscuits,100,22,78,No,56 g,4.3,628,5,cookies,78
UNIBIC Sugar Free Multigrain Cookies,60,15,75,No,5 g,4.6,67,5,cookies,45
Britannia Nice Time Coconut Flavoured Biscuits,135,21,84,No,56 g,4.3,573,5,cookies,114
Britannia Good Day Butter Cookies,125,38,69,No,565 g,4.5,565,5,cookies,87
Cafe Niloufer Osmania Butter Flavoured Biscuits,460,72,84,No,65 g,4.2,793,5,cookies,388
Parle Hide,142,26,81,No,65 g,4.2,856,5,cookies,116
Open Secret Zero Maida Chocolate Almond Flavoured Biscuits,210,58,72,No,65 g,4.3,415,5,cookies,152
UNIBIC Assorted Cookies,200,82,59,No,5 g,4.6,200,5,cookies,118
"Open Secret Zero Maida Chocolate Millet Biscuit, Healthy Snacks With No Refined Sugar",150,42,72,No,40 g,4.2,149,5,cookies,108
The Baker's Dozen Dark Chocolate Flavoured Biscuits,238,22,90,No,76 g,4.6,768,5,cookies,216
Britannia Good Day Butter Biscuits,250,76,69,No,76 g,4.7,185,5,cookies,174
Open Secret Zero Maida Chocolate Almond Cookies,210,58,72,No,75 g,4.6,357,5,cookies,152
Parle Happy Happy Choco Chip Flavoured Biscuits,400,171,57,No,65 g,4.6,67,5,cookies,229
Sugar Free D'Lite Yummy Berry Cookies,65,19,70,No,75 g,4.5,75,5,cookies,46
Nova Nova Mini Waffle Cookies,120,30,75,No,43 g,4.5,120,5,cookies,90
Britannia Good Day Butter Jeera Cookies,200,71,64,No,450 g,4.7,450,5,cookies,129
CookieMan Danish Butter Cookies,549,111,79,No,330 g,3.4,237,21,cookies,438
Cadbury Oreo Choco Chip Flavoured Biscuits,120,30,75,No,100 g,4.6,801,5,cookies,90
UNIBIC Cookie Magic Gift Pack,379,142,62,No,100 g,4.7,203,5,cookies,237
Open Secret Gift Box Dryfruit Chocolate Nutty Cookies With Almonds Cashew,350,78,77,No,100 g,2.1,80,5,cookies,272
Britannia Good Day Choco Chip Chocolate Flavoured Biscuits,270,112,58,No,100 g,4.2,179,5,cookies,158
The Baker's Dozen Handcrafted Cookies Gift Box,349,74,78,No,166 g,4.8,154,21,cookies,275
Britannia Good Day Cashew Cookies,45,11,75,No,76 g,4.2,612,5,cookies,34
Dukes Nice Coconut Flavoured Biscuits,64,24,62,No,76 g,4.7,504,5,cookies,40
Britannia Good Day Pista and Badam Dry Fruit Biscuits,67,11,83,No,76 g,4.5,584,5,cookies,56
Britannia Nutrichoice Almond and Oats Milk Biscuits,90,26,71,No,76 g,4.4,722,5,cookies,64
CookieMan Sugar Free Multigrain Cookies,369,77,79,No,200 g,4.8,208,5,cookies,292
Britannia Good Day Oats Cookies Fruits and Nuts Dry Fruit Biscuits,400,130,67,No,200 g,4.5,391,5,cookies,270
Britannia Tiger Krunch Choco Chip Flavoured Biscuits,300,120,60,No,200 g,4.4,215,5,cookies,180
"Open Secret Zero Maida Chocolate Millet Biscuit, Healthy Snacks With No Refined Sugar",150,42,72,No,40 g,4.5,721,5,cookies,108
CookieMan Sugar Free Multigrain Protein Cookies,169,30,82,No,150 g,4.5,355,5,cookies,139
Britannia Good Day Chunkies Chocochip Cookies Combo,180,52,71,No,87 g,4.5,898,5,cookies,128
Parle Hide,250,114,54,No,87 g,4.4,368,5,cookies,136
Open Secret Premium Choco Almond Flavoured Biscuits,210,58,72,No,87 g,4.2,665,5,cookies,152
Open Secret Zero Maida Jeera Millet Cookies,90,26,71,No,87 g,4.5,888,5,cookies,64
Britannia Good Day Butter Biscuits,375,114,69,No,87 g,4.5,989,5,cookies,261
Karachi Bakery Fruit Flavoured Biscuits,561,174,68,No,87 g,4.4,278,5,cookies,387
Parle Happy Happy Choco Chip Flavoured Biscuits,267,114,57,No,87 g,4.3,873,5,cookies,153
Parle Hide,300,104,65,No,87 g,4.3,632,5,cookies,196
Britannia Nutrichoice Black Bourbon Oats Biscuits,130,30,76,No,87 g,4.3,764,5,cookies,100
UNIBIC Multigrain Cookies Butter Sugar Free Biscuits,120,46,61,No,87 g,4.3,696,5,cookies,74
Britannia Nutrichoice Black Bourbon Oats Biscuits,195,45,76,No,87 g,4.5,712,5,cookies,150
Parle Hide,500,236,52,No,87 g,4.4,938,5,cookies,264
McVitie's Tasties Cashew and Almond Dry Fruit Biscuits,342,166,51,No,87 g,4.5,213,5,cookies,176
Parle 20,380,188,50,No,87 g,4.2,673,5,cookies,192
Thums Up Soft Drink,75,9,80,No,750 ml,4.7,750,8,cool drink,66
Campa Cola Soft Drink,19,1,94,No,75 ml,4.6,500,8,cool drink,18
Dobra Pop Goli Kokum Jeera Soft Drink,80,4,95,No,75 ml,3.1,749,8,cool drink,76
Fast,60,28,53,No,75 ml,4.8,500,8,cool drink,32
Pepsi Zero Sugar Soft Drink,19,1,94,No,75 ml,4.5,400,8,cool drink,18
Thums Up Soft Drink,70,12,82,No,75 ml,4.7,465,8,cool drink,58
Paper Boat Aamras Drink,40,13,67,No,75 ml,4.6,200,8,cool drink,27
Thums Up Soft Drink,110,21,80,No,100 ml,4.6,110,8,cool drink,89
Fast,295,75,74,No,100 ml,4.5,295,8,cool drink,220
Campa Lemon Soft Drink,19,1,94,No,100 ml,4.7,500,8,cool drink,18
Maaza Mango Fruit Juice,35,5,85,No,100 ml,4.6,600,8,cool drink,30
Pluckk Natural Tender Coconut Water With Real Malai Chunks,99,23,76,No,100 ml,4.6,651,8,cool drink,76
Real Activ Coconut Water,168,81,51,No,100 ml,4.5,168,8,cool drink,87
Sprite Lemon and Lime Soft Drink,45,10,77,No,100 ml,4.7,750,8,cool drink,35
Thums Up Soft Drink Can,40,9,77,No,100 ml,4.7,300,8,cool drink,31
Centrum Recharge Kids Powder Energy Drink Mix,60,8,86,No,100 ml,4.5,60,8,cool drink,52
Centrum Recharge Instant Energy Mix Combo,120,24,80,No,100 ml,4.5,120,8,cool drink,96
Campa Orange Soft Drink,19,1,94,No,100 ml,4.7,500,8,cool drink,18
Sprite Lemon and Lime Soft Drink,70,15,78,No,100 ml,4.6,70,8,cool drink,55
Centrum Recharge Multivitamin Powder Energy Drink Mix,60,12,80,No,100 ml,4.5,60,8,cool drink,48
Centrum Kids Recharge Fizzy Drink Mix Combo,120,16,86,No,100 ml,4.5,120,8,cool drink,104
Bisleri Pop Orange Soft Drink,100,10,77,No,100 ml,4.6,160,8,cool drink,90
Sting Energy Drink,20,3,85,No,100 ml,4.7,250,8,cool drink,17
3 Sisters Kiwi and Mint Non Alcoholic Beer Combo,220,26,88,No,100 ml,4.5,963,8,cool drink,194
3 Sisters Peach Non Alcoholic Beer Combo,220,20,90,No,100 ml,4.7,896,8,cool drink,200
Coca,40,7,82,No,100 ml,4.7,300,8,cool drink,33
Thums Up Soft Drink,160,28,82,No,100 ml,4.7,465,8,cool drink,132
3 Sisters Cranberry Non Alcoholic Beer Combo,220,24,89,No,100 ml,4.4,776,8,cool drink,196
Paper Boat Tender Coconut Water,140,63,55,No,100 ml,4.4,140,8,cool drink,77
Coca,45,10,77,No,750 ml,4.7,750,8,cool drink,35
Coca,40,9,77,No,300 ml,4.6,300,8,cool drink,31
Mirinda Orange Flavoured Soft Drink,100,28,72,No,75 ml,4.6,100,8,cool drink,72
Pepsi Soft Drink,100,30,70,No,75 ml,4.7,164,8,cool drink,70
Frooti Mango Fruit Juice,75,24,68,No,75 ml,4.7,127,8,cool drink,51
Frooti Mango Fruit Juice,35,4,88,No,600 ml,4.7,600,8,cool drink,31
Coca,70,11,84,No,75 ml,4.7,235,8,cool drink,59
Sprite Zero Lemon Diet Soft Drink Can,40,11,72,No,300 ml,4.7,300,8,cool drink,29
Bisleri Limonata Lemon and Mint Soft Drink,40,10,75,No,600 ml,4.7,600,8,cool drink,30
Sprite Lemon Soft Drink,160,28,82,No,250 ml,4.7,250,8,cool drink,132
Coca,45,12,73,No,750 ml,4.7,750,8,cool drink,33
7 Up Lemon Soft Drink,100,40,60,No,750 ml,4.6,100,8,cool drink,60
Predator Energy Drink Can,60,12,80,No,300 ml,4.6,300,8,cool drink,48
Gatorade Orange Zero Sugar Energy Drink,19,1,94,No,250 ml,4.7,250,8,cool drink,18
Coca,110,6,94,No,250 ml,4.6,110,8,cool drink,104
Monster Energy Drink,125,44,64,No,350 ml,4.7,350,8,cool drink,81
Gatorade Lemon Zero Sugar Energy Drink,19,1,94,No,250 ml,4.7,250,8,cool drink,18
Pepsi Soft Drink,40,4,90,No,300 ml,4.6,300,8,cool drink,36
Mirinda Orange Soft Drink,40,9,77,No,300 ml,4.6,300,8,cool drink,31
7 Up Soft Drink Can,40,2,95,No,300 ml,4.5,300,8,cool drink,38
Pepsi Black Cola Diet Soft Drink,40,9,77,No,300 ml,4.5,300,8,cool drink,31
Frooti Mango Drink,122,42,65,No,300 ml,4.6,122,8,cool drink,80
Red Bull Energy Drink,125,15,88,No,250 ml,4.7,250,8,cool drink,110
Coca,160,29,81,No,250 ml,4.7,250,8,cool drink,131
Monster Energy Ultra Zero Sugar,125,41,67,No,350 ml,4.7,350,8,cool drink,84
Coca,160,8,95,No,250 ml,4.7,250,8,cool drink,152
Red Bull Energy Drink,165,30,81,No,350 ml,4.6,350,8,cool drink,135
Pepsi Cola Soft Drink,240,79,67,No,300 ml,4.7,300,8,cool drink,161
Gatorade Blue Bolt Zero Sugar Energy Drink,50,3,94,No,500 ml,4.7,500,8,cool drink,47
Gatorade Lemon Zero Sugar Energy Drink,50,3,94,No,500 ml,4.6,500,8,cool drink,47
Fast,60,12,80,No,500 ml,4.7,500,8,cool drink,48
Gatorade Orange Zero Sugar Energy Drink,50,3,94,No,500 ml,4.7,500,8,cool drink,47
Red Bull Watermelon Energy Drink,125,27,78,No,250 ml,4.6,250,8,cool drink,98
Red Bull Energy Drink,480,104,78,No,250 ml,4.5,480,8,cool drink,376
O'cean Energy Drink Can,70,4,94,No,250 ml,4.6,250,8,cool drink,66
Jimmy's Cocktails Imported Hustle Energy Drink,60,7,88,No,250 ml,4.1,250,8,cool drink,53
Coca,240,15,93,No,330 ml,3.2,88,8,cool drink,225
Coca,199,40,79,No,320 ml,4.5,157,8,cool drink,159
Pepsi Zero Lemon,220,11,95,No,320 ml,4.4,823,8,cool drink,209
Fanta Orange Zero,240,30,87,No,330 g,4.4,297,8,cool drink,210
Prime Hydration Imported Lemon and Lime Soft Drink,599,246,58,No,500 ml,4.1,153,8,cool drink,353
Red Bull Energy Drink,700,152,78,No,250 ml,4.5,700,8,cool drink,548
Prime Hydration Tropical Energy Drink,599,65,89,No,500 ml,3.1,109,8,cool drink,534
Monster Pacific Punch Energy Drink Can,370,29,92,No,500 ml,4.4,64,8,cool drink,341
Fast,295,86,70,No,500 ml,4.9,301,22,cool drink,209
Fast,1180,440,62,No,500 ml,4.2,343,22,cool drink,740
Prime Hydration Ice Red Chill Flavored Drink,399,20,94,No,500 ml,4.4,685,8,cool drink,379
Liquid I.V. Hydration Multiplier,360,78,78,No,500 ml,4.5,64,22,cool drink,282
Liquid I.V. Hydration Multiplier,360,77,78,No,500 ml,4.8,83,22,cool drink,283
Liquid I.V. Hydration Multiplier,360,77,78,No,500 ml,4.5,59,22,cool drink,283
Prime Hydration Ice Blue Chill Flavour,399,20,94,No,500 ml,4.4,918,8,cool drink,379
Prime Hydration Ice Orange Flavoured Drink,399,43,89,No,500 ml,4.5,544,8,cool drink,356
Pepsi Soft Drink Combo,80,26,67,No,200 ml,4.4,192,8,cool drink,54
Thums Up Soft Drink Combo,90,18,80,No,201 ml,4.2,670,8,cool drink,72
Bisleri Spyci Jeera Soft Drink,150,10,77,No,160 ml,4.5,160,8,cool drink,140
Bisleri Pop Orange Soft Drink Combo,220,20,77,No,160 ml,4.7,890,8,cool drink,200
Thums Up Soft Drink Combo,180,36,80,No,160 ml,4.2,859,8,cool drink,144
Thums Up Soft Drink Combo,80,18,77,No,160 ml,4.2,632,8,cool drink,62
Thums Up Soft Drink Combo,140,24,82,No,160 ml,4.5,757,8,cool drink,116
7 Up Lemon Soft Drink Combo,80,18,77,No,160 ml,4.4,496,8,cool drink,62
Sprite Lemon and Lime Soft Drink Combo,140,30,78,No,160 ml,4.7,135,8,cool drink,110
Thums Up Soft Drink Combo,210,36,82,No,160 ml,4.5,687,8,cool drink,174
Mirinda Orange Flavoured Soft Drink Combo,80,18,77,No,160 ml,4.6,520,8,cool drink,62
7UP Nimbooz Soft Drink Combo,46,8,82,No,160 ml,4.2,948,8,cool drink,38
Mountain Dew Citrus Soft Drink,40,3,92,No,750 ml,4.7,750,8,cool drink,37
Paper Boat Lychee Fruit Juice,40,7,82,No,250 ml,4.7,250,8,cool drink,33
Sprite Lemon and Lime Soft Drink Combo,90,20,77,No,50 ml,4.6,899,8,cool drink,70
Sprite Zero Lemon Diet Soft Drink Can Combo,80,22,72,No,100 g,4.6,543,8,cool drink,58
Appy Fizz Apple Soft Drink,40,9,77,No,100 g,4.7,600,8,cool drink,31
Diet Coke Cola Diet Soft Drink Can Combo,120,21,82,No,100 g,4.3,207,8,cool drink,99
Mirinda Orange Soft Drink Combo,80,18,77,No,100 g,4.2,638,8,cool drink,62
Coca Cola Soft Drink Can Combo,80,16,80,No,100 g,4.3,541,8,cool drink,64
Mountain Dew Citrus Soft Drink,90,17,81,No,100 g,4.7,90,8,cool drink,73
Thums Up Soft Drink Can Combo,240,54,77,No,100 g,4.2,892,8,cool drink,186
Thums Up Soft Drink Combo,120,27,77,No,100 g,4.2,373,8,cool drink,93
Coca,80,18,77,No,100 g,4.5,205,8,cool drink,62
Coca Cola Soft Drink Combo,90,20,77,No,100 g,4.7,169,8,cool drink,70
Limca Lemon Soft Drink Combo,90,20,77,No,100 g,4.6,471,8,cool drink,70
Mountain Dew Lemon Soft Drink Combo,80,26,67,No,100 g,4.7,856,8,cool drink,54
Mountain Dew Lemon Soft Drink,40,9,77,No,100 g,4.6,300,8,cool drink,31
Paper Boat Orange Juice,40,6,85,No,100 g,4.5,250,8,cool drink,34
Paper Boat Swing Jeera Soft Drink,50,3,94,No,100 g,4.6,600,8,cool drink,47
Diet Coke Cola Diet Soft Drink Can Combo,80,14,82,No,100 g,4.3,280,8,cool drink,66
Sting Energy Drink Combo,80,12,85,No,100 g,4.2,741,8,cool drink,68
Sprite Lemon and Lime Soft Drink Can Combo,160,24,85,No,100 g,4.5,104,8,cool drink,136
Aloha Strawberry and Lime Flavoured Soft Drink,30,4,86,No,300 ml,4.6,300,8,cool drink,26
Sprite Lemon and Lime Soft Drink Combo,180,40,77,No,300 ml,4.5,497,8,cool drink,140
Sprite Lemon and Lime Soft Drink Combo,80,12,85,No,300 ml,4.5,473,8,cool drink,68
Diet Coke Cola Diet Soft Drink Can Combo,240,42,82,No,300 ml,4.5,279,8,cool drink,198
Pepsi Soft Drink Combo,200,60,70,No,300 ml,4.4,920,8,cool drink,140
Fanta Orange Flavoured Soft Drink Combo,90,20,77,No,300 ml,4.4,583,8,cool drink,70
Pepsi Black Cola Diet Soft Drink Combo,80,26,67,No,300 ml,4.7,704,8,cool drink,54
Bisleri Limonata Lemon and Mint Soft Drink Combo,80,20,75,No,300 ml,4.2,233,8,cool drink,60
Mirinda Orange Flavoured Soft Drink Combo,200,56,72,No,300 ml,4.4,333,8,cool drink,144
Pepsi Soft Drink Combo,160,28,82,No,300 ml,4.3,470,8,cool drink,132
Sting Energy Drink Combo,40,6,85,No,300 ml,4.5,243,8,cool drink,34
Coke Zero Cola Diet Soft Drink Combo,90,24,73,No,300 ml,4.3,457,8,cool drink,66
Pepsi Black Cola Diet Soft Drink Combo,160,52,67,No,300 ml,4.4,435,8,cool drink,108
Coca Cola Soft Drink Can Combo,160,32,80,No,300 ml,4.4,224,8,cool drink,128
Fanta Orange Flavoured Soft Drink,110,20,81,No,300 ml,4.5,923,8,cool drink,90
Sting Energy Drink Combo,120,18,85,No,300 ml,4.6,467,8,cool drink,102
7UP Nimbooz Soft Drink Combo,69,12,82,No,300 ml,4.2,602,8,cool drink,57
Coca Cola Soft Drink Can Combo,120,24,80,No,300 ml,4.7,615,8,cool drink,96
Mountain Dew Citrus Soft Drink Combo,80,14,82,No,300 ml,4.2,323,8,cool drink,66
Mirinda Orange Flavoured Soft Drink Combo,300,84,72,No,300 ml,4.2,718,8,cool drink,216
Predator Energy Drink Combo,120,24,80,No,300 ml,4.4,342,8,cool drink,96
Pepsi Zero Sugar Soft Drink Combo,80,4,95,No,300 ml,4.2,472,8,cool drink,76
Coca,120,27,77,No,300 ml,4.5,303,8,cool drink,93
HELL Energy Drink Combo,240,28,88,No,100 ml,4.2,847,8,cool drink,212
Sprite Zero Lemon Diet Soft Drink Can Combo,120,33,72,No,100 ml,4.2,357,8,cool drink,87
Bisleri Pop Orange Soft Drink Combo,130,30,77,No,100 ml,4.5,212,8,cool drink,100
7 Up Lemon Soft Drink Combo,160,36,77,No,100 ml,4.7,966,8,cool drink,124
HELL Energy Drink Combo,120,8,93,No,100 ml,4.3,660,8,cool drink,112
Pepsi Soft Drink Combo,80,8,90,No,100 ml,4.4,272,8,cool drink,72
Pepsi Soft Drink Combo,300,90,70,No,100 ml,4.7,735,8,cool drink,210
Sting Energy Drink Combo,60,9,85,No,100 ml,4.6,934,8,cool drink,51
Gatorade Blue Bolt Zero Sugar Energy Drink Combo,80,4,95,No,100 ml,4.6,881,8,cool drink,76
Gatorade Blue Bolt Zero Sugar Energy Drink Combo,40,2,95,No,100 ml,4.2,946,8,cool drink,38
7UP Nimbooz Soft Drink Combo,138,24,82,No,100 ml,4.6,991,8,cool drink,114
Thums Up Soft Drink Combo,320,56,82,No,100 ml,4.7,239,8,cool drink,264
Mountain Dew Citrus Soft Drink Combo,120,12,90,No,100 ml,4.2,559,8,cool drink,108
Coca Cola Soft Drink Combo,180,40,77,No,100 ml,4.5,572,8,cool drink,140
Mountain Dew Citrus Soft Drink Combo,180,36,80,No,100 ml,4.3,285,8,cool drink,144
Pepsi Soft Drink Combo,160,32,80,No,100 ml,4.2,363,8,cool drink,128
Limca Lemon Soft Drink Combo,180,40,77,No,100 ml,4.6,628,8,cool drink,140
Gatorade Lemon Zero Sugar Energy Drink Combo,40,2,95,No,100 ml,4.7,360,8,cool drink,38
Coca Cola Soft Drink Combo,135,30,77,No,100 ml,4.4,397,8,cool drink,105
Thums Up Soft Drink Combo,480,84,82,No,100 ml,4.4,348,8,cool drink,396
Coke Zero Cola Diet Soft Drink Combo,135,36,73,No,100 ml,4.7,772,8,cool drink,99
Gatorade Lemon Zero Sugar Energy Drink Combo,60,3,95,No,100 ml,4.2,601,8,cool drink,57
Predator Energy Drink Combo,240,48,80,No,100 ml,4.4,497,8,cool drink,192
Bisleri Limonata Lemon and Mint Soft Drink Combo,120,30,75,No,100 ml,4.7,237,8,cool drink,90
Fanta Orange Flavoured Soft Drink Combo,180,40,77,No,150 ml,4.2,887,8,cool drink,140
Coke Zero Cola Diet Soft Drink Combo,270,72,73,No,150 ml,4.7,592,8,cool drink,198
Sprite Lemon Soft Drink Combo,320,56,82,No,150 ml,4.2,360,8,cool drink,264
Gatorade Blue Bolt Zero Sugar Energy Drink Combo,60,3,95,No,150 ml,4.3,279,8,cool drink,57
Red Bull Energy Drink Combo,250,30,88,No,150 ml,4.5,68,8,cool drink,220
Monster Energy Drink Combo,250,88,64,No,150 ml,4.3,716,8,cool drink,162
Pepsi Soft Drink,98,16,83,No,750 ml,4.6,869,8,cool drink,82
Sprite Soft Drink Pet,128,23,82,No,100 ml,4.6,921,8,cool drink,105
7UP Nimbooz Soft Drink Combo,92,16,82,No,100 ml,4.7,205,8,cool drink,76
Sprite Lemon and Lime Soft Drink Can Combo,120,18,85,No,100 ml,4.7,243,8,cool drink,102
Limca Lemon Soft Drink Combo,135,30,77,No,100 ml,4.5,710,8,cool drink,105
Coke Zero Cola Diet Soft Drink Combo,180,48,73,No,100 ml,4.7,795,8,cool drink,132
Mirinda Orange Soft Drink Combo,120,27,77,No,100 ml,4.7,515,8,cool drink,93
Mirinda Orange Soft Drink Combo,160,36,77,No,100 ml,4.2,222,8,cool drink,124
Limca Soft Drink Pet,103,18,82,No,750 ml,4.6,731,8,cool drink,85
Mirinda Orange Flavoured Soft Drink Combo,160,36,77,No,150 ml,4.6,457,8,cool drink,124
Fast,180,55,69,No,500 ml,4.6,184,8,cool drink,125
Coke Zero Cola Diet Soft Drink Can Combo,200,45,77,No,500 ml,4.2,169,8,cool drink,155
Fanta Orange Flavoured Soft Drink Combo,135,30,77,No,500 ml,4.6,841,8,cool drink,105
Coca Cola Zero Sugar Soft Drink Can Combo,160,36,77,No,500 ml,4.4,765,8,cool drink,124
Coke Zero Cola Diet Soft Drink Can Combo,240,54,77,No,500 ml,4.4,988,8,cool drink,186
Gatorade Orange Zero Sugar Energy Drink Combo,80,4,95,No,500 ml,4.6,909,8,cool drink,76
HELL Energy Drink Combo,180,15,91,No,500 ml,4.3,514,8,cool drink,165
Red Bull Energy Drink Combo,500,60,88,No,500 ml,4.5,476,8,cool drink,440
Coolberg Peach Non Alcoholic Beer Combo,297,36,87,No,500 ml,4.2,236,8,cool drink,261
Coca Cola Soft Drink Combo,480,87,81,No,500 ml,4.7,244,8,cool drink,393
Thums Up Soft Drink,103,17,83,No,750 ml,4.2,980,8,cool drink,86
Monster Energy Drink Combo,500,176,64,No,750 ml,4.4,468,8,cool drink,324
Pepsi Cola Soft Drink Combo,480,158,67,No,750 ml,4.2,687,8,cool drink,322
Red Bull Energy Drink Combo,375,45,88,No,750 ml,4.3,988,8,cool drink,330
Red Bull Energy Drink Combo,330,60,81,No,750 ml,4.5,747,8,cool drink,270
Coolberg Cranberry Non Alcoholic Beer Combo,327,39,88,No,750 ml,4.5,293,8,cool drink,288
Gatorade Lemon Zero Sugar Energy Drink Combo,80,4,95,No,750 ml,4.3,614,8,cool drink,76
Gatorade Blue Bolt Zero Sugar Energy Drink Combo,100,6,94,No,750 ml,4.3,761,8,cool drink,94
Monster Energy Ultra Zero Sugar Combo,250,82,67,No,750 ml,4.3,729,8,cool drink,168
Fast,120,60,50,No,750 ml,4.5,798,8,cool drink,60
Coolberg Strawberry Non Alcoholic Beer Combo,327,42,87,No,750 ml,4.5,553,8,cool drink,285
Coca Cola Soft Drink Combo,320,58,81,No,750 ml,4.2,222,8,cool drink,262
Red Bull Energy Drink Combo,330,60,81,No,750 ml,4.6,815,8,cool drink,270
Red Bull Energy Drink Combo,660,120,81,No,750 ml,4.4,776,8,cool drink,540
Red Bull Energy Drink,250,42,83,No,250 ml,4.6,305,8,cool drink,208
Red Bull Energy Drink Combo,250,30,88,No,250 ml,4.2,926,8,cool drink,220
Red Bull Energy Drink,290,57,80,No,250 ml,4.6,799,8,cool drink,233
Coke Zero Cola Diet Soft Drink Combo,320,18,94,No,250 ml,4.6,444,8,cool drink,302
Fast,240,104,56,No,250 ml,4.5,249,8,cool drink,136
Fast,180,90,50,No,250 ml,4.6,552,8,cool drink,90
Happi Planet Organic Front,598,118,80,No,2 l,4.5,439,20,detergent,480
Surf Excel Matic Top Load Detergent Liquid,573,129,77,No,2 l,4.7,573,5,detergent,444
Godrej Fab Machine,99,15,84,No,950 ml,4.8,950,5,detergent,84
Ghadi Detergent Powder,71,17,76,No,850 ml,4.6,71,5,detergent,54
Rin Detergent Powder,100,7,93,No,850 ml,4.8,100,5,detergent,93
Surf Excel Matic Express Clean,235,31,86,No,830 ml,4.8,144,5,detergent,204
Surf Excel Easy Wash Detergent Powder,1030,311,69,No,7 kg,4.7,1030,5,detergent,719
Rin Matic Top Load Detergent Liquid,249,71,71,No,2 l,4.8,249,5,detergent,178
IFB essentials Fluff Front Load Liquid Detergent,360,38,89,No,2 l,4.5,168,5,detergent,322
Smart One Active Wash Detergent Liquid Floral Fragrance,100,9,91,No,2 l,4.6,100,5,detergent,91
Tide Plus Jasmine,138,18,86,No,1 kg,4.7,138,5,detergent,120
Surf Excel Matic Front Load Detergent Liquid,539,71,86,No,2 l,4.8,539,5,detergent,468
Surf Excel Matic Front Load Detergent Liquid,858,159,81,No,5 l,4.8,858,5,detergent,699
Wheel Detergent Powder,236,21,91,No,4 kg,4.7,236,5,detergent,215
Surf Excel Easy Wash Detergent Powder,152,16,89,No,1 kg,4.8,152,5,detergent,136
Surf Excel Easy Wash Detergent Powder,770,203,73,No,5 kg,4.8,770,5,detergent,567
Surf Excel Detergent Bar,900,1,88,No,90 g,4.7,90,5,detergent,899
Ghadi Detergent Powder,210,47,77,No,3 l,4.6,210,5,detergent,163
Ariel Stain Removal Front Load Washing Machine Detergent Liquid,839,290,65,No,4 l,4.6,839,5,detergent,549
Ariel Matic Detergent Powder Front Load Liquid ,1250,67,94,No,5 l,4.7,881,5,detergent,1183
Surf Excel Quick Wash Detergent Powder,103,15,85,No,500 g,4.7,500,5,detergent,88
Morelight Extra Power Detergent Powder,472,199,57,No,4 kg,4.7,472,5,detergent,273
Ariel Matic Detergent Powder Top Load Liquid ,1150,61,94,No,3 l,4.5,190,5,detergent,1089
Ariel Stain Removal Top Load Washing Machine Detergent Liquid,749,261,65,No,4 l,4.6,749,5,detergent,488
Beco Top Load Laundry Detergent Liquid,220,94,57,No,960 ml,4.4,960,5,detergent,126
Ariel Stain Removal Top Load Washing Machine Detergent Liquid,185,3,98,No,950 ml,4.7,950,5,detergent,182
Ariel Stain Removal Front Load Washing Machine Detergent Liquid,1185,424,64,No,6 l,4.5,1185,5,detergent,761
Ariel Stain Removal Top Load Washing Machine Detergent Liquid,1009,384,61,No,6 l,4.8,1009,5,detergent,625
Tide Plus Lemon,138,10,92,No,1 kg,4.8,138,5,detergent,128
Ariel Stain Removal Top Load Washing Machine Detergent Liquid,329,48,85,No,2 l,4.7,329,5,detergent,281
Godrej Genteel Matic Top Load Detergent Liquid Pouch,320,70,78,No,2 l,4.8,320,5,detergent,250
Surf Excel Matic Top Load Detergent Liquid Refill,225,19,91,No,2 l,4.7,225,5,detergent,206
Surf Excel Matic Top Load Detergent Liquid,740,161,78,No,5 l,4.8,740,5,detergent,579
Tide Plus Lemon,285,38,86,No,2 kg,4.8,285,5,detergent,247
Rin Detergent Powder,224,22,90,No,2 kg,4.6,593,5,detergent,202
Surf Excel Easy Wash Detergent Powder,235,40,82,No,5 kg,4.8,235,5,detergent,195
SafeWash Top Load Matic Premium Detergent Liquid,430,175,59,No,2 l,4.8,430,5,detergent,255
Surf Excel Detergent Bar,128,15,88,No,200 g,4.7,200,5,detergent,113
Tide Plus Jasmine,980,301,69,No,8 kg,4.7,980,5,detergent,679
Surf Excel Easy Wash Liquid Detergent,205,11,94,No,1 l,4.7,326,5,detergent,194
Rin Detergent Bar,100,14,86,No,250 g,4.7,250,5,detergent,86
Rin Advanced Detergent Powder,740,96,87,No,7 kg,4.8,101,20,detergent,644
Surf Excel Quick Wash Detergent Powder,206,27,86,No,1 kg,4.7,206,5,detergent,179
Rin Detergent Bar,155,17,89,No,250 g,4.7,826,5,detergent,138
Ariel Stain Removal Top Load Washing Machine Detergent Liquid,599,201,66,No,3 l,4.5,599,5,detergent,398
Mr. White Detergent Powder,660,230,65,No,7 kg,4.6,660,5,detergent,430
Mr. White Detergent Powder,375,98,73,No,4 kg,4.9,375,20,detergent,277
Ariel Complete Detergent Powder,342,41,88,No,1 kg,4.8,500,5,detergent,301
Ariel Perfect Wash Detergent Powder,799,267,66,No,5 kg,4.6,176,20,detergent,532
Tide Plus Jasmine,270,26,90,No,2 kg,4.7,270,5,detergent,244
Tide Matic Top Load Detergent Liquid,275,40,85,No,2 l,4.5,275,5,detergent,235
Ariel Complete Detergent Powder,1450,599,58,No,4 kg,4.8,1450,5,detergent,851
SafeWash Colour Protection Stain Removal Expert Detergent Liquid,299,50,83,No,1 l,4.3,299,5,detergent,249
Tide Plus Jasmine,785,112,85,No,6 kg,4.8,785,5,detergent,673
Tazo Green Apple Natural Laundry Detergent Liquid,329,109,66,No,800 ml,4.3,962,20,detergent,220
Happi Planet Organic Front,299,59,80,No,800 ml,4.9,117,20,detergent,240
Tide White Detergent Bar Soap,115,11,90,No,800 ml,4.7,747,5,detergent,104
Tide Plus Lavender Detergent Powder,980,299,69,No,8 kg,4.8,788,5,detergent,681
Tazo Dahlia Natural Laundry Detergent Liquid,329,110,66,No,900 ml,4.2,508,20,detergent,219
Ujala Top Load Liquid Detergent for Tough Stains and Fresh Fragrance,700,321,54,No,4 l,4.9,166,5,detergent,379
Vanish WHite Chlorine Bleach,265,45,83,No,800 ml,4.6,983,5,detergent,220
Tide Plus Jasmine,1330,387,70,No,12 kg,4.7,1330,5,detergent,943
Godrej Ezee Detergent Liquid For Winterwear,430,104,75,No,2 kg,4.6,430,5,detergent,326
Henko Matic Top Load Detergent Liquid,310,62,80,No,2 l,4.8,726,5,detergent,248
Henko Detergent Bar for Powerful Stain ,135,41,69,No,1 kg,4.8,742,5,detergent,94
Ariel Matic Top Load Liquid Detergent,749,265,64,No,850 ml,4.8,151,5,detergent,484
Proklean Profab Natural Eco,325,41,87,No,850 ml,4.2,830,20,detergent,284
Proklean New Profab Eco,1400,480,65,No,850 ml,4.3,974,20,detergent,920
Selzer Ultrashine Liquid Detergent ,449,180,59,No,850 ml,4.5,58,20,detergent,269
Surf Excel Matic Top Load Detergent Liquid,718,113,84,No,4 l,4.6,718,5,detergent,605
Herbal Strategi Laundry Detergent Liquid,240,12,95,No,500 ml,4.8,80,20,detergent,228
Awenest Certified Toxin,920,113,87,No,600 ml,4.3,689,20,detergent,807
Surf Excel Quick Wash Detergent Powder,750,32,95,No,4 kg,4.7,750,20,detergent,718
Morelight Detergent Powder,1200,559,53,No,10 kg,4.2,864,20,detergent,641
Rin Detergent Bar Combo,60,9,85,No,200 ml,4.2,421,5,detergent,51
Rin Fabric Whitener,90,13,85,No,500 ml,4.7,500,5,detergent,77
Surf Excel Detergent Bar Combo,136,20,85,No,500 ml,4.5,911,5,detergent,116
Beco Front Load Laundry Detergent Liquid,250,116,53,No,500 ml,4.2,960,5,detergent,134
Surf Excel Easy Wash Detergent Powder Combo,304,32,89,No,500 ml,4.5,637,5,detergent,272
Tide Plus Lemon,276,20,92,No,500 ml,4.4,936,5,detergent,256
Rin Matic Front Load Detergent Liquid,312,108,65,No,2 l,4.7,312,5,detergent,204
Surf Excel Quick Wash Detergent Powder Combo,206,30,85,No,500 ml,4.2,296,5,detergent,176
Ariel Stain Removal Front Load Washing Machine Detergent Liquid,209,25,88,No,950 ml,4.7,950,5,detergent,184
Surf Excel Matic Front Load Detergent Liquid Refill,255,28,89,No,950 ml,4.7,255,5,detergent,227
Surf Excel Easy Wash Detergent Powder Combo,470,80,82,No,950 ml,4.3,815,5,detergent,390
Rin Detergent Bar Combo,40,6,85,No,200 ml,4.6,772,5,detergent,34
Ariel Matic Top Load Detergent Powder,595,200,66,No,2 kg,4.7,595,5,detergent,395
Tide Matic Front Load Detergent Liquid ,192,19,90,No,850 ml,4.6,805,5,detergent,173
Tide Matic Front Load Detergent Liquid,405,61,84,No,2 l,4.7,405,5,detergent,344
Ariel Stain Removal Front Load Washing Machine Detergent Liquid,379,70,81,No,2 l,4.7,379,5,detergent,309
Tide Plus Jasmine,276,36,86,No,500 ml,4.7,844,5,detergent,240
Ariel Stain Removal Front Load Washing Machine Detergent Liquid,685,219,68,No,1 l,4.7,685,5,detergent,466
Surf Excel Matic Front Load Detergent Liquid Refill,364,70,80,No,2 l,4.7,364,5,detergent,294
Surf Excel Detergent Bar Combo,68,10,85,No,200 ml,4.4,445,5,detergent,58
Ariel Matic Front Load Detergent Powder,660,219,66,No,2 kg,4.5,660,5,detergent,441
Surf Excel Matic Top Load Detergent Powder,540,52,90,No,2 kg,4.2,487,5,detergent,488
SafeWash Front Load Matic Premium Detergent Liquid,490,198,59,No,2 l,4.6,490,5,detergent,292
Surf Excel Bar,186,21,88,No,1 kg,4.7,54,5,detergent,165
Rin Detergent Powder Combo,300,21,93,No,800 ml,4.4,658,5,detergent,279
Rin Detergent Powder Combo,200,14,93,No,800 ml,4.2,856,5,detergent,186
Surf Excel Detergent Bar Combo,102,15,85,No,800 ml,4.2,315,5,detergent,87
Ariel Matic Front Load Liquid Detergent,219,11,94,No,900 ml,4.4,76,20,detergent,208
Tide Plus Jasmine,2230,686,69,No,2 l,4.6,211,5,detergent,1544
Beco Front Load Laundry Detergent Liquid Combo,500,232,53,No,2 l,4.7,895,5,detergent,268
Ariel Matic Top Load Detergent Powder,1785,600,66,No,2 l,4.5,655,5,detergent,1185
Beco Top Load Laundry Detergent Liquid Combo,440,188,57,No,2 l,4.7,437,5,detergent,252
Surf Excel Matic Front Load Detergent Liquid Refill,510,56,89,No,2 l,4.2,960,5,detergent,454
Surf Excel Matic Front Load Detergent Powder,1475,371,74,No,5 kg,4.6,1475,5,detergent,1104
Ghadi Detergent Powder,289,80,72,No,3 kg,4.5,420,5,detergent,209
Surf Excel Matic Front Load Detergent Powder,600,58,90,No,2 kg,4.6,600,5,detergent,542
Surf Excel Matic Top Load Detergent Liquid Refill,450,38,91,No,850 ml,4.7,213,5,detergent,412
Rin Detergent Bar Combo,200,28,86,No,430 ml,4.2,329,5,detergent,172
Comfort After Wash Morning Fresh Fabric Conditioner,345,35,89,No,430 ml,4.6,603,5,detergent,310
Surf Excel Matic Top Load Detergent Liquid Refill,439,81,81,No,2 l,4.4,956,5,detergent,358
Ariel Stain Removal Top Load Washing Machine Detergent Liquid Combo,658,104,84,No,2 l,4.3,324,5,detergent,554
Ariel Matic Top Load Detergent Powder,1190,400,66,No,2 l,4.3,767,5,detergent,790
Rin Detergent Bar Combo,300,42,86,No,2 l,4.6,434,5,detergent,258
Ariel Matic Front Load Detergent Powder Combo,1320,438,66,No,2 l,4.7,272,5,detergent,882
Ariel Complete Detergent Powder,684,82,88,No,2 l,4.3,993,5,detergent,602
Ujala Front Load Detergent Liquid,340,84,75,No,2 l,4.5,818,20,detergent,256
Ujala Front Load Liquid Detergent Refill for Tough Dirt Removal and Colour Care,720,302,58,No,4 l,4.8,188,5,detergent,418
Surf Excel Matic Front Load Detergent Liquid,799,156,80,No,4 l,4.7,799,5,detergent,643
Surf Excel Detergent Bar Combo,256,30,88,No,1 l,4.3,662,5,detergent,226
Comfort After Wash Morning Fresh Fabric Conditioner,460,73,84,No,860 ml,4.4,514,5,detergent,387
Ariel Stain Removal Top Load Washing Machine Detergent Liquid Combo,1198,442,63,No,3 l,4.4,93,5,detergent,756
Beco Top Load Laundry Detergent Liquid,425,201,52,No,960 ml,4.7,99,5,detergent,224
Ariel Stain Removal Front Load Washing Machine Detergent Liquid Combo,758,140,81,No,3 l,4.7,293,5,detergent,618
Beco Front Load Laundry Detergent Liquid,455,214,52,No,960 ml,4.6,185,5,detergent,241
Surf Excel Matic Front Load Detergent Liquid Refill,619,98,84,No,2 l,4.6,314,5,detergent,521
Surf Excel Matic Top Load Detergent Powder,1375,345,74,No,5 kg,4.5,853,5,detergent,1030
Henko Matic Front Load Detergent Liquid,490,134,72,No,2 l,4.9,344,5,detergent,356
SafeWash Top Load Matic Premium Detergent Liquid,860,350,59,No,2 l,4.5,604,5,detergent,510
Surf Excel Easy Wash Detergent Powder Combo,1540,406,73,No,4 l,4.2,767,5,detergent,1134
Vanish WHite Chlorine Bleach,530,90,83,No,5 l,4.3,924,5,detergent,440
Henko Matic Top Load Detergent Powder,1375,499,63,No,6 kg,4.3,467,20,detergent,876
Surf Excel Detergent Bar Combo,384,45,88,No,1 l,4.5,407,5,detergent,339
Surf Excel Matic Top Load Detergent Liquid Combo,1146,258,77,No,2 l,4.4,564,5,detergent,888
Surf Excel Matic Front Load Detergent Liquid Combo,1078,142,86,No,3 l,4.2,232,5,detergent,936
Comfort After Wash Morning Fresh Fabric Conditioner,490,82,83,No,860 ml,4.7,271,5,detergent,408
Surf Excel Matic Top Load Detergent Liquid Refill,377,35,90,No,1 l,4.5,86,5,detergent,342
Surf Excel Matic Front Load Liquid Detergent,799,167,79,No,2 l,4.2,848,5,detergent,632
Ariel Stain Removal Front Load Washing Machine Detergent Liquid Combo,1370,438,68,No,3 l,4.6,799,5,detergent,932
Ariel Complete Detergent Powder,2900,1,99,No,4 l,4.2,330,5,detergent,2899
Surf Excel Matic Top Load Liquid Detergent,754,162,78,No,2 l,4.5,762,5,detergent,592
Comfort After Wash Morning Fresh Fabric Conditioner,599,124,79,No,860 ml,4.3,748,5,detergent,475
Comfort After Wash Morning Fresh Fabric Conditioner,554,119,78,No,860 ml,4.7,68,5,detergent,435
Surf Excel Matic Top Load Detergent Liquid Refill,460,73,84,No,1 l,4.3,540,5,detergent,387
Ariel Matic Front Load Detergent Powder Combo,1980,657,66,No,2 l,4.7,912,5,detergent,1323
Surf Excel Matic Front Load Detergent Liquid,1303,270,79,No,5 l,4.2,201,5,detergent,1033
Dr. Beckmann Magic Leaves Laundry Detergent Sheets,999,280,71,No,1 l,4.5,131,20,detergent,719
Surf Excel Matic Top Load Detergent Liquid Refill,754,162,78,No,2 l,4.3,306,5,detergent,592
Dr. Beckmann Magic Leaves Laundry Detergent Sheets,999,280,71,No,100 g,4.7,114,20,detergent,719
Surf Excel Matic Top Load Detergent Liquid Refill,660,116,82,No,1 l,4.7,966,5,detergent,544
Surf Excel Matic Front Load Detergent Liquid,1303,270,79,No,5 l,4.5,669,5,detergent,1033
Surf Excel Matic Top Load Detergent Liquid,1185,261,77,No,5 l,4.5,979,5,detergent,924
Surf Excel Matic Top Load Detergent Liquid,1175,269,77,No,5 l,4.5,885,5,detergent,906
Surf Excel Matic Front Load Detergent Liquid,1293,274,78,No,5 l,4.4,341,5,detergent,1019
Surf Excel Matic Top Load Detergent Liquid,1185,261,77,No,5 l,4.3,298,5,detergent,924
Banana Robusta,31,11,64,No,100 g,4.5,31,7,fruits,20
Guava,64,21,67,No,250 g,4.5,500,7,fruits,43
Baby Apple Shimla,139,30,78,No,250 g,4.5,500,7,fruits,109
Indian Red Dragon Fruit,101,37,63,No,250 g,4.5,101,7,fruits,64
Pineapple Slice,86,20,76,No,250 g,4.5,175,7,fruits,66
Grapes Bengalore Blue,90,32,64,No,250 g,4.5,500,7,fruits,58
Watermelon Kiran,132,30,77,No,250 g,4.5,132,7,fruits,102
Mosambi,57,13,77,No,250 g,4.5,500,7,fruits,44
Guava Thai,43,18,58,No,250 g,4.5,43,7,fruits,25
Pomegranate Premium,170,60,64,No,250 g,4.5,170,7,fruits,110
Apple Shimla,128,27,78,No,250 g,4.5,128,7,fruits,101
Papaya,90,32,64,No,250 g,4.5,90,7,fruits,58
Apple Shimla,197,73,62,No,250 g,4.5,197,7,fruits,124
Pomegranate Regular,247,52,78,No,250 g,4.5,247,7,fruits,195
Dragon Fruit,101,21,79,No,250 g,4.5,101,7,fruits,80
Muskmelon,85,19,77,No,250 g,4.5,85,7,fruits,66
Gooseberry,52,14,73,No,250 g,4.5,250,7,fruits,38
Pineapple,88,25,71,No,250 g,4.5,88,7,fruits,63
Cucumber Green,36,8,77,No,250 g,4.5,500,7,fruits,28
Snacky Avocado,134,40,70,No,250 g,4.5,134,7,fruits,94
Snacky Avocado,84,36,57,No,250 g,4.5,250,7,fruits,48
Pomegranate,281,59,79,No,250 g,4.5,281,7,fruits,222
Mosambi Regular,172,36,79,No,250 g,4.5,172,7,fruits,136
Banana Elaichi,66,15,77,No,120 g,4.5,500,7,fruits,51
Tender Coconut,115,25,78,No,120 g,4.5,115,7,fruits,90
Grapes Red Globe,132,34,74,No,250 g,4.5,250,7,fruits,98
Daily Good Almond,130,35,73,No,100 g,4.6,130,7,fruits,95
Fruit Bowl,114,26,77,No,100 g,4.5,300,7,fruits,88
Banana Chekara Keli,92,19,79,No,100 g,4.5,500,7,fruits,73
Coconut,69,19,72,No,100 g,4.5,69,7,fruits,50
Carrot,81,21,74,No,100 g,4.5,500,7,fruits,60
Carrot,46,21,54,No,100 g,4.5,300,7,fruits,25
Carrot Cut,44,10,77,No,100 g,4.5,200,7,fruits,34
Apple Green,143,29,79,No,100 g,4.5,143,7,fruits,114
Passion Fruit,110,41,62,No,100 g,4.5,200,7,fruits,69
Grapefruit,103,22,78,No,100 g,4.5,103,7,fruits,81
Orange Nagpur,62,13,79,No,500 g,4.5,500,7,fruits,49
Banana Red Semi Ripe,84,18,78,No,500 g,4.5,500,7,fruits,66
Cucumber English,64,22,65,No,500 g,4.5,500,7,fruits,42
Orange Imported,132,27,79,No,500 g,4.5,132,7,fruits,105
Coconut Kalash,168,29,57,No,500 g,4.5,68,7,fruits,139
Mosambi Combo,114,26,77,No,500 g,4.5,114,7,fruits,88
Sugarcane,162,13,79,No,500 g,4.5,62,7,fruits,149
Cucumber Green,123,11,52,No,500 g,4.5,23,7,fruits,112
Cucumber English,133,9,72,No,300 g,4.5,300,7,fruits,124
Daily Good Almond,235,44,81,No,200 g,4.5,235,7,fruits,191
Organic Green Chilli,132,12,62,No,100 g,4.5,100,7,fruits,120
Apple Washington,181,37,79,No,100 g,4.5,181,7,fruits,144
Sweet Lime,92,20,78,No,500 g,4.5,500,7,fruits,72
Indian Fruit Basket,190,40,78,No,100 g,4.5,190,7,fruits,150
Organic Cucumber Green,86,18,79,No,500 g,4.5,500,7,fruits,68
Mango Totapuri,153,52,66,No,900 g,4.5,900,7,fruits,101
Cauliflower Florets,95,24,74,No,200 g,4.5,200,7,fruits,71
Banana Stem,66,14,78,No,200 g,4.5,66,7,fruits,52
Banana Raw,49,17,65,No,200 g,4.5,49,7,fruits,32
Apple Red Delicious,162,61,62,No,200 g,4.5,162,7,fruits,101
Daily Good Almond,579,105,81,No,500 g,4.4,579,7,fruits,474
Daily Good Betel Nut Supari Areca Nut,140,38,72,No,100 g,4.3,988,7,fruits,102
Guava Thai Combo,86,36,58,No,100 g,4.5,86,7,fruits,50
Sweet Corn,33,7,78,No,100 g,4.5,33,7,fruits,26
Mix Sprouts,152,10,75,No,175 g,4.5,175,7,fruits,142
Dragon Fruit Combo,202,42,79,No,100 g,4.5,202,7,fruits,160
Sweet Potato,157,24,57,No,500 g,4.5,500,7,fruits,133
Baby Apple Shimla Combo,278,60,78,No,100 g,4.5,500,7,fruits,218
Mosambi Combo,171,39,77,No,250 g,4.5,500,7,fruits,132
Tender Coconut Combo,230,50,78,No,250 g,4.5,230,7,fruits,180
Guava,128,42,67,No,250 g,4.5,500,7,fruits,86
Pomegranate Combo,340,120,64,No,250 g,4.5,340,7,fruits,220
Apple Shimla Combo,394,146,62,No,250 g,4.5,394,7,fruits,248
Guava Thai Combo,129,54,58,No,250 g,4.5,129,7,fruits,75
Beetroot,157,12,78,No,500 g,4.5,500,7,fruits,145
Beetroot,138,8,78,No,250 g,4.5,250,7,fruits,130
Drumstick Leaves,122,5,77,No,250 g,4.5,50,7,fruits,117
Muskmelon Combo,170,38,77,No,250 g,4.5,170,7,fruits,132
Mushroom Button,86,18,79,No,250 g,4.5,200,7,fruits,68
Mushroom Button,121,5,76,No,250 g,4.5,150,7,fruits,116
Maize Cob,135,8,77,No,250 g,4.5,35,7,fruits,127
Dragon Fruit Combo,303,63,79,No,250 g,4.5,303,7,fruits,240
Rosemary,118,4,77,No,250 g,4.5,20,7,fruits,114
Garlic,127,13,51,No,100 g,4.5,100,7,fruits,114
Coriander,131,11,64,No,100 g,4.5,100,7,fruits,120
Kissan Mixed Fruit Jam,80,9,88,No,200 g,4.7,200,7,fruits,71
Kissan Mixed Fruit Jam,53,23,56,No,100 g,4.5,1000,7,fruits,30
Tomato Local,43,9,79,No,500 g,4.5,500,7,fruits,34
Colocasia,20,6,70,No,250 g,4.5,250,7,fruits,14
Beans Haricot,56,23,58,No,250 g,4.5,250,7,fruits,33
Turmeric Fresh,90,18,80,No,250 g,4.5,250,7,fruits,72
Watermelon Kiran,264,60,77,No,250 g,4.5,264,7,fruits,204
Ginger,37,9,75,No,200 g,4.5,200,7,fruits,28
Organic Sweet Potato,92,20,78,No,250 g,4.5,250,7,fruits,72
Beans Broad,46,14,69,No,250 g,4.5,250,7,fruits,32
Tomato Local,26,6,76,No,250 g,4.5,300,7,fruits,20
Coccinia,29,9,68,No,250 g,4.5,250,7,fruits,20
Coccinia,70,25,64,No,250 g,4.5,1000,7,fruits,45
Brown Chana Sprouts,40,9,77,No,200 g,4.5,200,7,fruits,31
Green Tomato,42,10,76,No,500 g,4.5,500,7,fruits,32
Bitter Gourd,48,10,79,No,500 g,4.5,500,7,fruits,38
Asparagus,60,12,80,No,100 g,4.5,100,7,fruits,48
Papaya,180,64,64,No,100 g,4.5,180,7,fruits,116
Lettuce Green,39,9,76,No,100 g,4.5,100,7,fruits,30
Capsicum Green,41,13,68,No,100 g,4.5,41,7,fruits,28
Mint,24,9,62,No,100 g,4.5,100,7,fruits,15
Cauliflower,97,20,79,No,100 g,4.5,97,7,fruits,77
Beans Cowpea,33,8,75,No,250 g,4.5,250,7,fruits,25
Ridge Gourd,28,6,78,No,250 g,4.5,28,7,fruits,22
Ridge Gourd,60,18,70,No,500 g,4.5,500,7,fruits,42
Cabbage,53,19,64,No,100 g,4.5,53,7,fruits,34
Bottle Gourd,68,22,67,No,100 g,4.5,68,7,fruits,46
Cabbage Red,75,16,78,No,400 g,4.5,400,7,fruits,59
Cherry Tomato,58,13,77,No,200 g,4.5,200,7,fruits,45
Hydration heroes,247,55,77,No,200 g,4.5,247,7,fruits,192
Tomato Local Combo,86,18,79,No,200 g,4.5,500,7,fruits,68
Tomato Hybrid,42,16,61,No,500 g,4.5,500,7,fruits,26
Coconut Grated,56,13,76,No,100 g,4.5,100,7,fruits,43
Pomegranate Regular Combo,494,104,78,No,100 g,4.5,494,7,fruits,390
Zucchini Green,57,12,78,No,250 g,4.5,250,7,fruits,45
Coconut Big Combo,207,45,78,No,250 g,4.5,207,7,fruits,162
Carrot Combo,162,42,74,No,250 g,4.5,500,7,fruits,120
Organic Garlic,60,13,78,No,100 g,4.5,100,7,fruits,47
Baby Potato,62,31,50,No,500 g,4.5,500,7,fruits,31
Lettuce Iceberg,71,15,78,No,250 g,4.5,250,7,fruits,56
Capsicum Green,66,14,78,No,500 g,4.5,500,7,fruits,52
Tomato Hybrid Combo,84,32,61,No,100 g,4.5,500,7,fruits,52
Celery,48,10,79,No,200 g,4.5,200,7,fruits,38
Organic Potato,63,13,79,No,475 g,4.5,475,7,fruits,50
Organic Lemon,56,13,76,No,475 g,4.5,56,7,fruits,43
Onion Combo,106,46,56,No,475 g,4.5,106,7,fruits,60
Beans Broad,93,28,69,No,500 g,4.5,500,7,fruits,65
Organic Ginger,65,14,78,No,200 g,4.5,200,7,fruits,51
Kale Leaf,44,9,79,No,100 g,4.5,100,7,fruits,35
Organic Tomato,65,14,78,No,450 g,4.5,450,7,fruits,51
Tender coconut with opener,445,98,77,No,450 g,4.5,445,7,fruits,347
Banana Leaves,54,14,74,No,450 g,4.5,54,7,fruits,40
Organic Cabbage,96,21,78,No,450 g,4.5,96,7,fruits,75
Potato Combo,140,50,64,No,450 g,4.5,140,7,fruits,90
Onion White,61,16,73,No,500 g,4.5,500,7,fruits,45
Organic Bitter Gourd,54,12,77,No,250 g,4.5,250,7,fruits,42
Super Sweetcorn Kernels,240,54,77,No,500 g,4.5,500,7,fruits,186
Mango Totapuri Combo,306,104,66,No,500 g,4.5,306,7,fruits,202
Daily Good Cashew,740,220,70,No,500 g,4.4,497,7,fruits,520
Daily Good Cashew,915,258,71,No,500 g,4.7,598,7,fruits,657
Arun Vanilla And Blackcurrant Ice Cream Cup,70,20,71,No,250 ml,4.2,125,5,ice cream,50
Kwality Wall's Magnum Chocolate Almond Ice Cream Stick Combo,270,45,83,No,250 ml,4.2,473,5,ice cream,225
Kwality Wall's Cornetto Double Chocolate Cone,40,8,80,No,105 ml,4.4,323,5,ice cream,32
Amul Gold TriCone Butterscotch Ice Cream Cone,35,5,85,No,120 ml,4.4,305,5,ice cream,30
Milkymist Chocolate Cone,40,10,75,No,120 ml,4.4,120,5,ice cream,30
Kwality Wall's Magnum Chocolate Truffle Ice Cream Stick Combo,160,34,78,No,250 ml,4.2,163,5,ice cream,126
Hangyo Berry,60,11,81,No,50 ml,4.5,355,5,ice cream,49
Milkymist Badam Pista Cone,40,10,75,No,120 ml,4.5,120,5,ice cream,30
Kwality Wall's Magnum Chocolate Truffle Ice Cream Stick Combo,320,68,78,No,250 ml,4.7,542,5,ice cream,252
Dairy Day New Triple Bar Ice Cream Stick,40,4,90,No,70 ml,4.4,89,5,ice cream,36
Kwality Walls Cornetto Strawberry Vanilla Cone,40,7,82,No,105 ml,4.1,105,5,ice cream,33
Kwality Wall's Magnum Chocolate Almond Ice Cream Stick Combo,360,108,70,No,250 ml,4.5,273,5,ice cream,252
Kwality Wall's Magnum Brownie Ice Cream Stick Combo,160,40,75,No,250 ml,4.5,329,5,ice cream,120
Dairy Day Blackcurrant Ice Cream Cone,40,4,90,No,120 ml,4.4,120,5,ice cream,36
Kwality Wall's Cornetto Butterscotch Cone,45,10,77,No,110 ml,4.1,110,5,ice cream,35
Kwality Wall's Magnum Chocolate Almond Ice Cream Stick Combo,180,28,84,No,250 ml,4.6,852,5,ice cream,152
Kwality Wall's Magnum Chocolate Truffle Ice Cream Stick Combo,240,51,78,No,250 ml,4.4,581,5,ice cream,189
Milkymist Almond Choco Bar,40,10,75,No,60 ml,4.5,60,5,ice cream,30
Kwality Wall's Choco Brownie Fudge Cup,50,10,80,No,250 ml,4.2,100,5,ice cream,40
Dairy Day Vanilla Ice Cream Tub,135,34,74,No,250 ml,4.4,500,5,ice cream,101
Go Zero Kesar Kulfi Low Calorie Guilt Free Ice Cream Stick,125,37,70,No,70 ml,3.4,362,5,ice cream,88
Amul Chocolate Brownie Ice Cream Tub,210,14,93,No,250 ml,4.4,210,5,ice cream,196
Arun Double Chocolate Icone Ice Cream Cone,50,4,92,No,100 ml,4.4,100,5,ice cream,46
Go Zero Kesar Kulfi Low Calorie Guilt Free Ice Cream Stick Combo,250,84,66,No,250 ml,4.7,663,5,ice cream,166
Go Zero Malai Kulfi Low Calorie Guilt Free Ice Cream Stick,120,30,75,No,70 ml,3.8,401,5,ice cream,90
Dairy Day Nutty Ice Cream Stick,75,25,77,No,65 ml,4.2,65,5,ice cream,50
Amul Gold Chocochips Ice Cream Cup,45,5,88,No,250 ml,4.4,125,5,ice cream,40
Go Zero Madagascar Chocolate Low Calorie Guilt Free Ice Cream Bar Combo,405,192,52,No,250 ml,4.7,368,5,ice cream,213
Go Zero Madagascar Chocolate Low Calorie Guilt Free Ice Cream Bar,135,64,52,No,70 ml,2.8,135,5,ice cream,71
Hocco Hazelnut Mudslide Ice Cream Cone,95,13,86,No,135 ml,4.4,135,5,ice cream,82
Kwality Wall's Magnum Chocolate Almond Ice Cream Stick,90,14,84,No,62 ml ,4.4,90,5,ice cream,76
Amul Vanilla Magic Ice Cream Tub,180,13,92,No,250 ml,4.5,180,5,ice cream,167
Havmor Cookie N Cream Cone,45,2,95,No,110 ml,4.3,110,5,ice cream,43
Dairy Day Belgian Chocolate Ice Cream Cone,80,10,77,No,120 ml,4.2,120,5,ice cream,70
Amul Gold Fruit 'N' Nut Fantasy Ice Cream Cup,50,12,76,No,250 ml,4.3,125,5,ice cream,38
Arun Italian Delight Ice Cream Cup,50,2,96,No,250 ml,4.4,125,5,ice cream,48
Amul Chocochip Ice Cream Tub,210,14,93,No,250 ml,4.4,210,5,ice cream,196
Havmor Zulubar Ice Cream Candy Stick,45,2,95,No,80 ml,3.7,80,5,ice cream,43
Dairy Day Crunchy Butter Scotch Premium Ice Cream Tub,160,40,75,No,250 ml,4.3,500,5,ice cream,120
Arun Red Velvet Icone Ice Cream Cone,50,8,84,No,100 ml,4.3,100,5,ice cream,42
Amul Gold Butterscotch Ice Cream Tub,235,35,85,No,250 ml,4.3,235,5,ice cream,200
Arun Butterscotch Icone Ice Cream Cone,50,3,94,No,100 ml,4.3,100,5,ice cream,47
Arun Vanilla Ice Cream Tub,80,14,82,No,250 ml,4.5,250,5,ice cream,66
Mimo Mega Bar Almond Crunch Ice Cream,50,5,90,No,80 ml,4.5,80,5,ice cream,45
Hocco Cookies,89,1,98,No,135 ml,4.3,135,5,ice cream,88
Cream Bell Cotton Candy Cone,40,8,80,No,110 ml,4.5,110,5,ice cream,32
Cream Bell Sacch Mucch Aam Ice Cream Stick,40,7,82,No,70 ml,3.5,70,5,ice cream,33
Hocco Ice Creams Aamchi,135,54,60,No,120 ml,4.3,135,5,ice cream,81
Amul Gold Cookies,235,27,88,No,250 ml,4.4,235,5,ice cream,208
Kwality Wall's Magnum Brownie Ice Cream Stick,80,20,75,No,61 ml,4.5,80,5,ice cream,60
Mimo Mega Bar Chocolate Truffle Ice Cream,60,6,90,No,80 ml,3.9,80,5,ice cream,54
Dairy Day Tutti Frutti Ice Cream Tub,150,38,74,No,250 ml,4.3,500,5,ice cream,112
Baskin Robbins Hazelnut Ice Cream Cone,89,4,95,No,110 ml,3.7,110,5,ice cream,85
Arun Chocolate Ice Cream Tub,180,28,84,No,250 ml,4.6,500,5,ice cream,152
Nic Choco Chips Ice Cream Cup,85,10,88,No,250 ml,4.1,100,5,ice cream,75
Cream Bell Sugarfree Chocolate Ice Cream Cup,50,11,78,No,250 ml,4.2,100,5,ice cream,39
Baskin Robbins Bavarian Chocolate Ice Cream Cone,95,14,85,No,110 ml,3.9,110,5,ice cream,81
Arun Black Current Icone Ice Cream Cone,50,2,96,No,100 ml,4.2,100,5,ice cream,48
Baskin Robbins Raspberry Vanilla Doublet Bar Ice Cream Stick,60,9,85,No,65 ml,4.5,65,5,ice cream,51
Cream Bell Caramel Butterscotch Ice Cream Tub,200,58,71,No,250 ml,3.9,750,5,ice cream,142
Baskin Robbins Mango Mania Candy Ice Cream Stick,54,6,88,No,65 ml,3.1,65,5,ice cream,48
Baskin Robbins Very Berry Strawberry Ice Cream Cup,75,13,82,No,250 ml,4.3,100,5,ice cream,62
Baskin Robbins Mississippi Mud Ice Cream Cup,89,29,67,No,250 ml,4.4,100,5,ice cream,60
Baskin Robbins Cotton Candy Ice Cream Cone,90,14,84,No,110 ml,3.7,110,5,ice cream,76
Mimo Crave Cone Strawberry Rush Ice Cream,45,2,95,No,120 ml,4.2,120,5,ice cream,43
NIC Sitaphal Ice Cream,330,80,75,No,250 ml,4.3,500,5,ice cream,250
Hocco Choco Brownie Ice Cream Tub,250,72,71,No,250 ml,4.3,750,5,ice cream,178
Arun Pista Ice Cream Tub,200,43,78,No,250 ml,4.6,500,5,ice cream,157
Kwality Wall's Magnum Almond Ice Cream Cone,100,14,86,No,110 ml,3.7,110,5,ice cream,86
Arun Icecreams Butterscotch Ice Cream Tub,200,38,81,No,250 ml,4.3,500,5,ice cream,162
Baskin Robbins Cookies And Cream Ice Cream Cone,95,18,81,No,110 ml,3.7,110,5,ice cream,77
NIC Mixed Berries Ice Cream Cup,100,21,79,No,250 ml,4.1,100,5,ice cream,79
NIC Chocochips Ice Cream Tub,330,86,73,No,250 ml,4.1,500,5,ice cream,244
Get,135,64,52,No,250 ml,4.2,135,5,ice cream,71
Infino Vanilla Almond Caramel Ice Cream Stick,99,31,68,No,80 ml,3.8,726,5,ice cream,68
Baskin Robbins Top Notch Butterscotch Ice Cream Cone,90,17,81,No,110 ml,3.3,110,5,ice cream,73
Get,120,38,68,No,120 ml,3.1,120,5,ice cream,82
The Brooklyn Creamery Butterscotch Ice Cream,125,41,67,No,250 ml,3.3,420,5,ice cream,84
Baskin Robbins Mississippi Mud Ice Cream Stick,80,4,95,No,65 ml,3.7,109,5,ice cream,76
Baskin Robbins Almond 'N' Caramel Ice Cream Stick,90,9,90,No,65 ml,3.7,85,5,ice cream,81
Get,120,43,64,No,120 ml,3.1,874,5,ice cream,77
Get,120,57,52,No,70 ml,3.9,707,5,ice cream,63
London Dairy Ice Cream,150,22,85,No,250 ml,4.3,623,5,ice cream,128
Get,135,55,59,No,70 ml,3.3,607,5,ice cream,80
London Dairy Ice Cream,150,46,69,No,110 ml,4.3,849,5,ice cream,104
Huber,350,72,79,No,250 ml,4.3,787,5,ice cream,278
Dairy Day New Triple Bar Ice Cream Stick Combo,160,68,57,No,250 ml,4.3,192,5,ice cream,92
Dairy Day New Triple Bar Ice Cream Stick Combo,80,20,75,No,250 ml,4.2,442,5,ice cream,60
Dairy Day Nutty Ice Cream Stick Combo,50,8,84,No,250 ml,4.7,325,5,ice cream,42
Kwality Wall's Cornetto Double Chocolate Cone Combo,160,32,80,No,250 ml,4.7,126,5,ice cream,128
Kwality Wall's Cornetto Double Chocolate Cone Combo,80,16,80,No,250 ml,4.3,111,5,ice cream,64
Dairy Day Blackcurrant Ice Cream Cone Combo,160,56,65,No,250 ml,4.4,994,5,ice cream,104
Dairy Day Blackcurrant Ice Cream Cone Combo,80,14,82,No,250 ml,4.5,971,5,ice cream,66
Dairy Day New Triple Bar Ice Cream Stick Combo,120,36,70,No,250 ml,4.6,309,5,ice cream,84
Amul Gold Chocochips Ice Cream Cup Combo,135,15,88,No,250 ml,4.5,372,5,ice cream,120
Arun Double Chocolate Icone Ice Cream Cone Combo,100,26,74,No,250 ml,4.5,334,5,ice cream,74
Hocco Hazelnut Mudslide Ice Cream Cone Combo,190,40,78,No,250 ml,4.7,491,5,ice cream,150
Arun Italian Delight Ice Cream Cup Combo,150,15,90,No,250 ml,4.7,849,5,ice cream,135
Arun Italian Delight Ice Cream Cup Combo,100,26,74,No,250 ml,4.3,761,5,ice cream,74
Arun Vanilla And Blackcurrant Ice Cream Cup Combo,140,40,71,No,250 ml,4.4,268,5,ice cream,100
Arun Double Chocolate Icone Ice Cream Cone Combo,200,24,88,No,250 ml,4.4,69,5,ice cream,176
Arun Butterscotch Icone Ice Cream Cone Combo,100,6,94,No,250 ml,4.4,457,5,ice cream,94
Hocco Cookies,180,24,86,No,250 ml,4.6,537,5,ice cream,156
Dairy Day Belgian Chocolate Ice Cream Cone Combo,100,16,84,No,250 ml,4.6,666,5,ice cream,84
Amul Chocolate Brownie Ice Cream Tub Combo,420,28,93,No,250 ml,4.6,314,5,ice cream,392
Cream Bell Sugarfree Chocolate Ice Cream Cup Combo,100,22,78,No,250 ml,4.4,979,5,ice cream,78
Arun Red Velvet Icone Ice Cream Cone Combo,100,16,84,No,250 ml,4.5,553,5,ice cream,84
Dairy Day Blackcurrant Ice Cream Cone Combo,120,27,77,No,250 ml,4.5,416,5,ice cream,93
Arun Kulfi Maharaja Ice Cream Cup Combo,100,4,96,No,250 ml,4.4,962,5,ice cream,96
Cream Bell Sacch Mucch Aam Ice Cream Stick Combo,80,14,82,No,250 ml,4.7,502,5,ice cream,66
Dairy Day Black Currant Ice Cream Tub Combo,340,100,70,No,250 ml,4.7,751,5,ice cream,240
Hocco Hazelnut Mudslide Ice Cream Cone Combo,285,60,78,No,250 ml,4.7,950,5,ice cream,225
Arun Double Chocolate Icone Ice Cream Cone Combo,150,12,92,No,250 ml,4.7,145,5,ice cream,138
Arun Kulfi Maharaja Ice Cream Cup Combo,150,12,92,No,250 ml,4.7,799,5,ice cream,138
Arun Butterscotch Icone Ice Cream Cone Combo,200,20,90,No,250 ml,4.7,861,5,ice cream,180
Cream Bell Sugarfree Chocolate Ice Cream Cup Combo,150,36,76,No,250 ml,4.7,132,5,ice cream,114
Dairy Day Belgian Chocolate Ice Cream Cone Combo,200,60,70,No,250 ml,4.5,109,5,ice cream,140
Baskin Robbins Mississippi Mud Ice Cream Cup Combo,178,58,67,No,250 ml,4.4,948,5,ice cream,120
Arun Butterscotch Icone Ice Cream Cone Combo,150,12,92,No,250 ml,4.3,632,5,ice cream,138
Arun Vanilla Ice Cream Tub Combo,160,28,82,No,250 ml,4.5,143,5,ice cream,132
Dairy Day Nutty Ice Cream Stick Combo,75,12,84,No,250 ml,4.7,303,5,ice cream,63
Dairy Day Crunchy Butter Scotch Premium Ice Cream Tub Combo,320,96,70,No,250 ml,4.7,447,5,ice cream,224
Hocco Cookies,270,48,82,No,250 ml,4.7,643,5,ice cream,222
Dairy Day Vanilla Ice Cream Tub Combo,270,80,70,No,250 ml,4.3,993,5,ice cream,190
Arun Vanilla And Blackcurrant Ice Cream Cup Combo,210,60,71,No,250 ml,4.3,94,5,ice cream,150
Baskin Robbins Cookies And Cream Ice Cream Cone Combo,190,36,81,No,250 ml,4.5,264,5,ice cream,154
Baskin Robbins Mississippi Mud Ice Cream Cup Combo,267,87,67,No,250 ml,4.6,472,5,ice cream,180
Arun Icecreams Butterscotch Ice Cream Tub Combo,400,76,81,No,250 ml,4.6,528,5,ice cream,324
Hangyo Berry,120,26,78,No,250 ml,4.3,99,5,ice cream,94
Estailo Fashion Women's Jewellery Earrings ,399,129,67,No,1 pcs,4.3,203,22,jewellery,270
Estailo Fashion Women's Jewellery Earrings,399,80,79,No,1 pcs,4.1,242,22,jewellery,319
Estailo Fashion Women's Jewellery Earrings ,399,120,69,No,1 pcs,4.5,174,22,jewellery,279
Estailo Fashion Women's Jewellery Earrings ,399,120,69,No,1 pcs,4.5,162,22,jewellery,279
Estailo Fashion Women's Jewellery Earrings ,399,80,79,No,1 pcs,4.6,118,22,jewellery,319
Estailo Fashion Women's Jewellery Necklace,399,109,72,No,1 pcs,4.2,213,22,jewellery,290
Estailo Fashion Women's Jewellery Earrings ,399,146,63,No,1 pcs,4.7,170,22,jewellery,253
Estailo Fashion Women's Jewellery Earrings ,399,120,69,No,1 pcs,4.3,184,22,jewellery,279
Estailo Fashion Women's Jewellery Earrings ,399,114,71,No,1 pcs,4.3,137,22,jewellery,285
Estailo Fashion Women's Jewellery Earrings ,399,129,67,No,1 pcs,4.9,76,22,jewellery,270
Estailo Fashion Women's Jewellery Earrings ,399,110,72,No,1 pcs,4.6,77,22,jewellery,289
Estailo Fashion Women's Jewellery Bracelets ,699,210,69,No,1 pcs,4.7,129,22,jewellery,489
Estailo Fashion Women's Jewellery Earrings ,499,180,63,No,1 pcs,4.3,72,22,jewellery,319
Estailo Fashion Women's Jewellery Necklace,499,140,71,No,1 pcs,4.6,102,22,jewellery,359
Estailo Fashion Women's Jewellery Earrings ,399,80,79,No,1 pcs,3.5,79,22,jewellery,319
Estailo Fashion Women's Jewellery Earrings ,399,139,65,No,1 pcs,4.5,78,22,jewellery,260
Estailo Fashion Women's Jewellery Earrings ,399,139,65,No,1 pcs,4.1,79,22,jewellery,260
Estailo Fashion Women's Jewellery Earrings ,499,149,70,No,1 pcs,3.8,80,22,jewellery,350
Estailo Fashion Women's Jewellery Earrings ,399,100,74,No,1 pcs,4.2,68,22,jewellery,299
Estailo Fashion Women's Jewellery Red Earrings ,399,100,74,No,1 pcs,4.6,69,22,jewellery,299
YouBella Jewellery Earrings for women Crystal Earrings ,1599,1,99,No,1 pcs,3.6,174,22,jewellery,1598
Estailo Fashion Women's Bling Blogger Bow Earrings,198,88,55,No,1 pcs,4.5,746,22,jewellery,110
Estailo Fashion Women's Jewellery Necklace,499,150,69,No,1 pcs,4.4,65,22,jewellery,349
YouBella Silver,1484,1,99,No,1 pcs,4.6,219,22,jewellery,1483
Estailo Fashion Women's Jewellery Earrings,399,100,74,No,1 pcs,3.6,78,22,jewellery,299
Shining Diva Fashion Stylish Design Fancy Pearl Earrings,1995,1,99,No,1 pcs,4.3,111,22,jewellery,1994
Estailo Fashion Women's Jewellery Earrings ,499,180,63,No,1 pcs,4.4,789,22,jewellery,319
YouBella Traditional Jewellery ,1999,1,99,No,1 pcs,4.1,191,22,jewellery,1998
YouBella Stylish Latest Design Necklace,1999,1,99,No,1 pcs,4.3,216,22,jewellery,1998
YouBella Jewellery Stylish Bracelet For Women,1999,1,99,No,1 pcs,4.6,442,22,jewellery,1998
YouBella Jewellery Gold Plated Combo,999,226,77,No,1 pcs,4.8,182,22,jewellery,773
Estailo Fashion Women's Jewellery Earrings ,499,109,78,No,1 pcs,4.5,763,22,jewellery,390
YouBella Jewellery Traditional Jhumka,1999,1,99,No,1 pcs,3.6,65,22,jewellery,1998
YouBella Jewellery Gold Plated Earrings,1299,1,99,No,1 pcs,4.7,87,22,jewellery,1298
Estailo Fashion Women's Jewellery Necklace,699,249,64,No,1 pcs,4.9,83,22,jewellery,450
Estailo Fashion Women's Jewellery Earrings,399,79,80,No,1 pcs,4.7,58,22,jewellery,320
Youbella Jewellery  Diamond Earrings ,1599,1,99,No,1 pcs,4.5,55,22,jewellery,1598
YouBella Jewellery Gold Plated Earrings,1299,1,99,No,1 pcs,4.2,81,22,jewellery,1298
YouBella Jewellery Bohemian Multi,1999,1,99,No,1 pcs,4.5,226,22,jewellery,1998
YouBella Gold,1664,1,99,No,1 pcs,3.6,78,22,jewellery,1663
Studio Sukkhi Beautiful Gold Plated Kundan,1330,340,74,No,1 pcs,4.6,404,22,jewellery,990
Estailo Fashion Women's Jewellery Earrings ,399,80,79,No,1 pcs,4.6,974,22,jewellery,319
YouBella Jewellery  Gold Plated Earrings ,1299,1,99,No,1 pcs,4.2,56,22,jewellery,1298
Voylla Bagh E Fiza Colourful Drop Earrings,349,163,53,No,1 pcs,4.5,167,22,jewellery,186
Sohi Pearl Tatement Drop Earrings,1173,290,75,No,1 pcs,4.2,342,22,jewellery,883
Estailo Fashion Women's Jewellery Earrings ,499,100,79,No,1 pcs,4.5,56,22,jewellery,399
Estailo Fashion Women's Jewellery Earrings ,499,129,74,No,1 pcs,4.6,308,22,jewellery,370
YouBella Jewellery Ring Watch ,1299,1,99,No,1 pcs,3.8,254,22,jewellery,1298
YouBella Rose Gold,1999,1,99,No,1 pcs,4.6,790,22,jewellery,1998
YouBella Jewellery  Crystal Stud Earrings ,1999,1,99,No,1 pcs,4.4,264,22,jewellery,1998
YouBella Rose Gold,1999,1,99,No,1 pcs,4.5,100,22,jewellery,1998
YouBella Jewellery Earings ,999,212,78,No,1 pcs,4.5,74,22,jewellery,787
Youbella Combo Of Fancy Drop And Gold Plated Bali Earrings,1599,1,99,No,1 pcs,3.1,86,22,jewellery,1598
Estailo Fashion Women's Jewellery Earrings ,399,170,57,No,1 pcs,4.4,64,22,jewellery,229
Scintillare By Sukkhi Attractive Gold Plated Grey,1204,250,79,No,1 pcs,4.6,130,22,jewellery,954
YouBella Jewellery Gold Plated Hoop and Stud Earrings ,999,168,83,No,1 pcs,4.3,590,22,jewellery,831
Youbella Aaa Swiss Zircon Earings ,1999,1,99,No,1 pcs,4.2,877,22,jewellery,1998
Voylla Zulu Desta Interlinked Earrings,949,301,68,No,1 pcs,4.2,400,22,jewellery,648
Voylla Work Essentials Round Cut Gem Earrings,449,200,55,No,1 pcs,4.9,142,22,jewellery,249
Voylla Hawaii Plumeria Pearl Bejoran Earrings,999,332,66,No,1 pcs,3.7,72,22,jewellery,667
YouBella Jewellery Combo of 6 Gold Plated Earrings ,1399,1,99,No,1 pcs,4.5,63,22,jewellery,1398
YouBella Jewellery Crystal Pendant Necklace Jewellery Earings ,2999,2,99,No,1 pcs,4.6,75,22,jewellery,2997
Voylla Moksha Namaha Shivaya Earrings,449,200,55,No,1 pcs,4.2,135,22,jewellery,249
YouBella Jewellery Earings Gold Plated Floral Earrings ,1999,1,99,No,1 pcs,4.4,227,22,jewellery,1998
Youbella Aaa Swiss Zircon Earings Fashion Earrings ,2499,2,99,No,1 pcs,4.4,820,22,jewellery,2497
Estailo Fashion Women's Jewellery Earrings,399,130,67,No,1 pcs,4.1,81,22,jewellery,269
Rubans Rhodium and 18K Gold Dual Plated Stainless Steel Tarnish,1125,254,77,No,1 pcs,4.6,753,22,jewellery,871
Voylla Bagh E Fiza Coloured Beads Earrings,949,408,57,No,1 pcs,4.7,71,22,jewellery,541
Accessorize London Women's Silver Hammered Metal Circle Drop Earring,1095,250,77,No,1 pcs,4.6,665,22,jewellery,845
YouBella Jewellery  Crystal Earrings ,1599,1,99,No,1 pcs,4.7,258,22,jewellery,1598
Youbella Jewellery Crystal Drop Earrings,1599,1,99,No,1 pcs,3.4,68,22,jewellery,1598
Aatmana Gold,3199,1,99,No,1 pcs,4.3,248,22,jewellery,3198
Priyaasi Pushp Bela,7130,5,99,No,1 pcs,4.5,782,22,jewellery,7125
Valentine Gifts : YouBella Jewellery Designer Hanging Earrings ,1999,1,99,No,1 pcs,4.4,179,22,jewellery,1998
Carlton London 18kt Gold Plated with CZ and Glass Bead Square Drop Earring,1445,611,57,No,1 pcs,4.6,499,22,jewellery,834
YouBella Jewellery Fashion Gold Plated Ear Rings ,1599,1,99,No,1 pcs,2.4,210,22,jewellery,1598
Voylla Taj Myra Hoop Earrings,1499,527,64,No,1 pcs,4.7,366,22,jewellery,972
Rubans 22K Gold Plated AD Studded Handcrafted Long Chandbali with Cream,3640,2,99,No,1 pcs,4.4,363,22,jewellery,3638
YouBella Jewellery Earrings for women Crystal Earrings ,1599,1,99,No,1 pcs,4.5,66,22,jewellery,1598
Youbella Fashion Jewellery Rose Shape Stud Earrings,1999,1,99,No,1 pcs,4.7,453,22,jewellery,1998
YouBella Jewellery Earings Crystal Tassel Handmade Earrings ,1599,1,99,No,1 pcs,4.7,583,22,jewellery,1598
Youbella Crystal Tassel Handmade Earrings ,1599,1,99,No,1 pcs,4.5,55,22,jewellery,1598
YouBella Jewellery Earrings for women Crystal Stud Earrings ,1599,1,99,No,1 pcs,4.4,611,22,jewellery,1598
Youbella Fashion Jewellery Crystal Stud Earrings ,1999,1,99,No,1 pcs,4.5,60,22,jewellery,1998
Youbella Jewellery Earrings For Women Floral Resin Earrings ,1599,1,99,No,1 pcs,4.5,66,22,jewellery,1598
Youbella Jewellery Celebrity Inspired Earrings ,1299,1,99,No,1 pcs,4.6,903,22,jewellery,1298
Voylla Bagh E Fiza Enamel Embellished Brass Earrings,749,297,60,No,1 pcs,2.6,91,22,jewellery,452
Sohi Gold,1010,369,63,No,1 pcs,4.7,992,22,jewellery,641
Just Lil Things Brooch Drangofly Earrings,399,162,59,No,1 pcs,4.5,51,22,jewellery,237
Youbella Jewellery Gold Plated Earrings For Girls And Women,1999,1,99,No,1 pcs,4.8,55,22,jewellery,1998
Youbella Jewellery Earrings For Women Crystal Earrings ,1599,1,99,No,1 pcs,4.2,114,22,jewellery,1598
Sohi Peach Gold Plated Contemporary Drop Earrings,1309,480,63,No,1 pcs,4.7,911,22,jewellery,829
Giva Silver Zircon Halo Earrings,2999,1,99,No,1 pcs,4.2,97,22,jewellery,2998
Voylla Forever More Green Enamelled Floral Pearls and Green Stones Earrings,1149,404,64,No,1 pcs,4.5,453,22,jewellery,745
Voylla Abharan Ethnic White Pearls And Green Stones Filigree Earrings,3049,2,99,No,1 pcs,4.6,996,22,jewellery,3047
Youbella Fashion Jewellery Earrings ,1999,1,99,No,1 pcs,4.7,177,22,jewellery,1998
YouBella Jewellery Earings Fashion Earrings ,1599,1,99,No,1 pcs,4.5,494,22,jewellery,1598
YouBella Earrings for Women Jewellery Crystal Earrings Combo Tops,1999,1,99,No,1 pcs,4.8,124,22,jewellery,1998
Voylla Taj Falak Earrings,2849,2,99,No,1 pcs,4.4,802,22,jewellery,2847
Clara 925 Sterling Silver Butterfly Earrings,4198,2,99,No,1 pcs,4.4,384,22,jewellery,4196
YouBella Jewellery Designer Hanging Earrings ,1999,1,99,No,1 pcs,4.5,772,22,jewellery,1998
YouBella Jewellery Earings Crystal Tassel Handmade Earrings ,1599,1,99,No,1 pcs,4.9,90,7,jewellery,1598
Just Lil Things Multiple White,699,285,59,No,1 pcs,4.7,259,22,jewellery,414
Giva Silver Aqua Blue Crystal Earrings,2199,919,58,No,1 pcs,1.1,81,22,jewellery,1280
Clara 92.5 Sterling Silver Swiss Zirconia Pearl Earrings,3798,1,99,No,1 pcs,4.7,943,22,jewellery,3797
Youbella Jewellery Earrings For Women Crystal Earrings ,1599,1,99,No,1 pcs,4.5,927,22,jewellery,1598
Giva Golden Clover Dangle Earrings,3199,1,99,No,1 pcs,4.5,57,22,jewellery,3198
JustPeachy Women's Earrings,349,129,63,No,1 pcs,4.5,495,22,jewellery,220
YouBella Jewellery Ear rings for women Floral Resin Earrings ,1599,1,99,No,1 pcs,4.5,774,22,jewellery,1598
Youbella Crystal Tassel Handmade Earrings ,1599,1,99,No,1 pcs,4.6,791,22,jewellery,1598
YouBella Stylish Party Wear Jewellery Gold Plated Drop Earrings ,1999,1,99,No,1 pcs,4.9,77,22,jewellery,1998
Voylla Taj Adha Earrings,2099,1,99,No,1 pcs,4.3,261,22,jewellery,2098
Karatcart Women's Dangle Earrings ,1474,1,99,No,1 pcs,4.4,327,22,jewellery,1473
Youbella Earrings For Women Traditional Earrings,1499,1,99,No,1 pcs,4.5,322,22,jewellery,1498
ZAISHA 18K Gold Plated Safety Pin Earrings,1199,504,57,No,1 pcs,4.5,91,22,jewellery,695
ZAISHA 18K Gold Plated Goldy Bulky Danglers Earrings,2099,1,99,No,1 pcs,4.6,899,22,jewellery,2098
Accessorize London Women's Oversized Circle Pearl Drop Earring,1645,1,99,No,1 pcs,4.7,320,22,jewellery,1644
Priyaasi Kundan Earrings,2445,2,99,No,1 pcs,4.4,247,22,jewellery,2443
ZAISHA 18K Gold Plated Pearl Baroque Earrings,1499,525,64,No,1 pcs,4.5,272,22,jewellery,974
Accessorize London Women's Hammered Semi Circle Stone Earrings,1395,1,99,No,1 pcs,4.3,96,22,jewellery,1394
Accessorize London Women's Silver Set Of 3 Crystal Shapes Short Drop Earring Pack,995,220,77,No,1 pcs,4.2,763,22,jewellery,775
Accessorize London Women's Freshwater Pearl Chain Earring,1595,1,99,No,1 pcs,4.5,563,22,jewellery,1594
Sohi Gold Plated Party Designer Drop Earring,1426,657,53,No,1 pcs,4.5,147,22,jewellery,769
Meatzza Chicken Jumbo Hotdog,190,42,77,No,250 g,3.9,311,8,meats,148
Meatzza Uro Pork Sausages,245,49,80,No,250 g,1.2,67,8,meats,196
Meatzza Fresh Boneless Chicken Thighs Combo,560,34,93,No,500g,4.2,136,8,meats,526
Meatzza Fresh Boneless Chicken Thighs,280,17,93,No,500 g,3.8,176,8,meats,263
Meatzza Fresh Chicken Drumsticks,245,15,93,No,500 g,4.5,222,8,meats,230
Meatzza Bone,195,12,93,No,500 g,4.1,504,8,meats,183
Godrej Yummiez Real Good Chicken Drumstick,250,21,91,No,500 g,3.9,273,8,meats,229
Prasuma Chicken Pepperoni Salami Combo,320,54,83,No,500 g,4.2,272,8,meats,266
Godrej Yummiez Chicken,285,95,66,No,325 g,4.1,694,8,meats,190
Meatigo Frozen Chicken Boneless Breast,275,31,88,No,450 g,4.1,873,8,meats,244
Deli Chic Chicken Sandwich Ham Slices,199,15,92,No,200 g,4.5,118,8,meats,184
Relish Mutton Mince,329,14,95,No,250 g,4.4,451,8,meats,315
Venky's Chicken Nuggets,205,41,80,No,300 g,4.6,300,8,meats,164
Relish Chicken Breast Boneless,269,53,80,No,450 g,4.5,450,8,meats,216
Godrej Yummiez Chicken Kheema,190,41,78,No,300 g,4.3,439,8,meats,149
Godrej Yummiez Chilli Chicken Sausages,190,64,66,No,250 g,4.6,250,8,meats,126
Godrej Yummiez Chicken Bites Nuggets,199,52,73,No,225 g,4.5,238,8,meats,147
Venky's Chicken Pops,200,45,77,No,300 g,4.5,300,8,meats,155
ITC Master Chef Chicken Popcorn,345,58,83,No,500 g,4.6,500,8,meats,287
Relish Chicken Drumstick,109,10,90,No,100 g,4.3,109,8,meats,99
Meatzza Chicken Malai Seekh Kabab,375,64,82,No,500 g,4.5,250,8,meats,311
Nandus Chicken Curry Cut without Skin,169,30,82,No,500 g,4.3,500,8,meats,139
Godrej Yummiez Chicken Pepper,199,67,66,No,250 g,4.7,751,8,meats,132
ITC Master Chef Crunchy Chicken Nuggets,650,112,82,No,150 g,4.8,650,8,meats,538
Relish Chicken Curry Cut With Skin,179,39,78,No,500 g,4.2,500,8,meats,140
Deli Chic Turkey Salami,375,75,77,No,150 g,4.9,64,8,meats,300
ITC Master Chef Large Prawns,285,38,86,No,200 g,4.2,915,8,meats,247
Meatzza Fresh,230,14,93,No,500 g,3.8,276,8,meats,216
Prasuma Chicken Chilli Salami Combo,370,60,83,No,500 g,4.3,696,8,meats,310
Pork Passion Pork Bacon,349,35,89,No,200 g,4.7,114,8,meats,314
Venky's Chicken Burger Patty,335,77,77,No,500 g,4.8,500,8,meats,258
ITC Master Chef Chicken Seekh Kebab,340,95,72,No,500 g,4.7,500,8,meats,245
Sneha Supercool Fz Leg Boneless,822,22,77,No,450 g,3.6,87,8,meats,800
Prasuma Chicken Ham,195,33,83,No,200 g,4.2,680,8,meats,162
Sneha Supercool Fz Drumsticks Skinless,185,12,93,No,450 g,2.9,180,8,meats,173
Meatzza Chicken Burger Patty,315,98,68,No,500 g,4.6,426,8,meats,217
ITC Master Chef Chicken Seekh Kebab,680,190,72,No,120 g,4.5,686,8,meats,490
Godrej Yummiez Chicken Breakfast Salami,190,72,62,No,250 g,4.5,250,8,meats,118
Godrej Yummiez Chicken Lucknowi Seekh Kebab,315,119,62,No,400 g,4.5,932,8,meats,196
Yummiez Chicken Breakfast Sausages Combo,570,108,81,No,400 g,4.4,789,8,meats,462
Prasuma Chicken Chilli Salami,185,30,83,No,200 g,4.3,709,8,meats,155
Deli Chic Chicken Breast Boneless Freshly Frozen,280,21,92,No,500 g,4.3,250,8,meats,259
Venky's Spicy And Crispy Chicken Wings,320,48,85,No,550 g,4.6,550,8,meats,272
Sneha Supercool Fz Breast Boneless,222,14,93,No,450 g,3.9,415,8,meats,208
Godrej Yummiez Chicken Cheese Cocktail Sausages,234,55,76,No,200 g,4.4,753,8,meats,179
Venky's Butter Chicken,195,24,87,No,250 g,4.3,186,8,meats,171
Freshtohome Chicken Skinless Curry Cut,159,5,96,No,450 g,4.2,450,8,meats,154
Prasuma Chicken Breakfast Bacon,320,54,83,No,200 g,4.7,302,8,meats,266
Relish Chicken Curry Cut With Skin Combo,537,117,78,No,200 g,4.2,709,8,meats,420
ITC Master Chef Crispy Chicken Fries Combo,398,24,93,No,200 g,4.2,976,8,meats,374
Godrej Yummiez Chicken Pepper,398,86,78,No,250 g,4.6,622,8,meats,312
Sneha Supercool Fz Gizzard,90,6,93,No,450 g,4.2,655,8,meats,84
Yummiez Chicken Pepper and Herb Sausage Pouch,199,19,90,No,250 g,4.6,709,8,meats,180
Godrej Chicken Curry Cut,200,33,83,No,500 g,3.7,500,8,meats,167
Sneha Supercool Fz Lollipop,180,11,93,No,450 g,4.1,246,8,meats,169
Yummiez Chicken Sausages,215,25,88,No,250 g,4.8,324,8,meats,190
Godrej Yummiez Chicken Cheese Momo,199,63,68,No,250 g,4.3,149,8,meats,136
ITC Master Chef Desi Style Chicken Patty,420,50,88,No,250 g,4.2,680,8,meats,370
Godrej yummiez Pepper and Herb Sausages,345,116,66,No,500 g,4.7,563,8,meats,229
Relish Chicken Curry Cut With Skin Combo,358,78,78,No,500 g,4.2,333,8,meats,280
Deli Chic Chicken Blackpepper Salami,190,18,90,No,250 g,3.8,264,8,meats,172
Godrej Yummiez Chicken Pepper,414,44,89,No,250 g,4.5,381,8,meats,370
ITC Master Chef Crispy Chicken Fries,199,12,93,No,280 g,4.4,280,8,meats,187
Prasuma Chicken Cheese,195,40,79,No,250 g,4.5,250,8,meats,155
ITC Master Chef Desi Style Chicken Patty,210,25,88,No,330 g,4.6,330,8,meats,185
Relish Chicken Curry Cut Without Skin Combo,370,78,78,No,330 g,4.5,598,8,meats,292
ITC Master Chef Crunchy Chicken Nuggets,304,92,69,No,450 g,4.7,450,8,meats,212
Godrej Yummiez Chicken Pepper,398,134,66,No,450 g,4.6,91,8,meats,264
Sneha Supercool Fz Curry Cut Skinless,160,10,93,No,450 g,3.6,582,8,meats,150
Yummiez Chicken Popcorn Pou,275,46,83,No,400 g,4.3,645,8,meats,229
Godrej Yummiez Chicken Burger Patty,196,39,80,No,300 g,4.6,900,8,meats,157
Venky's Chicken,710,120,83,No,300 g,4.7,781,8,meats,590
Godrej Yummiez Chicken Pepper,389,51,86,No,300 g,4.6,236,8,meats,338
Relish Chicken Curry Cut Without Skin Combo,555,117,78,No,300 g,4.4,567,8,meats,438
Deli Chic Chicken Thigh Boneless Freshly Frozen,300,24,92,No,500 g,2.9,137,8,meats,276
Venky's Chicken Pops,320,48,85,No,500 g,4.5,500,8,meats,272
ITC Master Chef Medium Prawns,250,54,78,No,200 g,4.5,250,8,meats,196
Venky's Spicy And Crispy Chicken Wings Combo,640,96,85,No,200 g,4.2,585,8,meats,544
Venky's Chicken,355,60,83,No,500 g,4.7,941,8,meats,295
Sneha Supercool Fz Liver,90,6,93,No,450 g,4.3,949,8,meats,84
ITC Master Chef Chicken Breast Strips,385,68,82,No,500 g,4.4,338,8,meats,317
Sneha Supercool Fz Minced Chicken,190,12,93,No,450 g,4.1,218,8,meats,178
Godrej Jersey Toned Milk,130,1,96,No,500 ml,4.7,500,10,milk,129
Heritage Toned Fresh Milk,132,32,77,No,500 ml,4.7,500,10,milk,100
Sids Farm Skim Milk,132,32,77,Yes,500 ml,4.4,500,10,milk,100
Vijaya Toned Fresh Milk,130,30,77,No,500 ml,4.7,500,10,milk,100
Arokya Toned Fresh Milk,131,31,77,No,500 ml,4.7,500,10,milk,100
Heritage Special Long Life Toned Milk,133,2,93,No,500 ml,4.6,500,10,milk,131
Godrej Jersey Full Cream Milk,142,4,90,No,500 ml,4.6,500,10,milk,138
Heritage Full Cream Fresh Milk,141,1,97,No,500 ml,4.7,500,10,milk,140
Arokya Full Cream Fresh Milk,141,41,77,No,500 ml,4.7,500,10,milk,100
Amul Moti,129,29,77,No,450 ml,4.6,450,10,milk,100
Godrej Jersey Rich Toned Fresh Milk,131,1,96,No,500 ml,4.6,500,10,milk,130
Dodla Long Life Toned Milk,133,2,93,No,500 ml,4.6,500,10,milk,131
Sid's Farm Cow Fresh Milk,142,42,77,Yes,500 ml,4.7,500,10,milk,100
Heritage Golden Cow Milk,131,1,96,No,500 ml,4.7,500,10,milk,130
Nandini Goodlife Toned Milk UHT,167,1,98,No,500 ml,4.8,67,10,milk,166
Amul Taaza Homogenised Toned Milk,116,16,77,No,500 ml,4.7,200,10,milk,100
Sid's Farm Toned Milk,136,5,86,No,500 ml,4.5,764,10,milk,131
Amul Taaza Homogenised Toned Milk,175,3,96,No,500 ml,4.7,120,10,milk,172
Amul Lactose Free Milk,125,1,96,Yes,500 ml,4.7,250,10,milk,124
Amul Gold Homogenised Standardised Milk,180,80,77,No,500 ml,4.7,80,10,milk,100
Heritage Farm Fresh Toned Tetra pack Milk,72,6,91,No,500 ml,4.7,72,10,milk,66
Nandini Goodlife Slim Skimmed Milk UHT,136,36,77,No,500 ml,4.6,500,10,milk,100
Amul Slim Trim Skimmed Milk,85,3,96,No,500 ml,4.6,85,10,milk,82
Nandini Goodlife Slim Skimmed Milk UHT,170,1,98,No,500 ml,4.7,70,10,milk,169
Akshayakalpa Organic Cow Milk,126,26,77,Yes,1 l,4.9,126,10,milk,100
Heritage Sampurna A2 Buffalo Milk,150,2,96,No,500 ml,4.7,500,10,milk,148
Sids Farm A2 Buffalo Double Toned Milk,144,44,77,Yes,500 ml,4.5,500,10,milk,100
Britannia Milk Slice White Bread,30,4,86,No,500 ml,4.5,200,10,milk,26
Milky Mist Curd Pouch,42,6,85,No,500 ml,4.7,400,10,milk,36
Nandini Goodlife Toned Milk UHT,204,3,98,No,500 ml,4.4,726,10,milk,201
Britannia Milk Slice White Bread,55,3,94,No,500 ml,4.5,400,10,milk,52
Heritage Toned Fresh Milk,128,28,77,No,500 ml,4.7,339,10,milk,100
Milky Mist Curd Pouch,120,2,90,No,500 ml,4.5,200,10,milk,118
Heritage Full Cream Fresh Milk,84,2,97,No,500 ml,4.6,991,10,milk,82
Milky Mist Fruit Yogurt Blueberry,130,7,76,No,500 ml,4.6,100,10,milk,123
Heritage Toned Fresh Milk,164,64,77,No,500 ml,4.7,216,10,milk,100
Amul Moti,158,58,77,No,500 ml,4.4,135,10,milk,100
Arokya Toned Fresh Milk,162,62,77,No,500 ml,4.5,562,10,milk,100
Nandini Goodlife Toned Milk UHT,408,12,97,No,500 ml,4.6,702,10,milk,396
Heritage Toned Fresh Milk,196,96,77,No,500 ml,4.7,272,10,milk,100
Heritage Full Cream Fresh Milk,126,3,97,No,500 ml,4.4,789,10,milk,123
Heritage Fresh Buffalo Milk,100,4,96,No,500 ml,4.3,127,10,milk,96
Milky Mist Fruit Yogurt Strawberry,130,6,80,No,500 ml,4.5,100,10,milk,124
Arokya Toned Fresh Milk,193,93,77,No,500 ml,4.4,497,10,milk,100
Arokya Full Cream Fresh Milk,182,82,77,No,500 ml,4.2,638,10,milk,100
Modern Bread Milk Plus,55,3,94,No,200 ml,4.6,400,10,milk,52
Godrej Jersey Rich Toned Fresh Milk,64,2,96,No,200 ml,4.4,353,10,milk,62
Dodla Long Life Toned Milk,66,4,93,No,200 ml,4.5,139,10,milk,62
Milky Mist Fruit Yogurt Strawberry Combo,90,18,80,No,200 ml,4.4,759,10,milk,72
Heritage A,30,5,83,No,200 ml,4.7,500,10,milk,25
Heritage Special Long Life Toned Milk,67,3,95,No,200 ml,4.7,263,10,milk,64
Milky Mist Fruit Yogurt Mango,30,2,93,No,200 ml,4.7,100,10,milk,28
Milky Mist Fruit Yogurt Blueberry Combo,60,14,76,No,200 ml,4.4,492,10,milk,46
Milky Mist Fruit Yogurt Blueberry Combo,90,21,76,No,200 ml,4.2,885,10,milk,69
Amul Taaza Homogenised Toned Milk,66,2,96,No,200 ml,4.5,272,10,milk,64
Spencer's Premium Milk Bread,55,3,94,No,200 ml,4.6,400,10,milk,52
Milky Mist Paneer,125,44,64,No,200 ml,4.6,200,10,milk,81
Godrej Jersey Rich Toned Fresh Milk,128,4,96,No,200 ml,4.3,521,10,milk,124
Sid's Farm Buttermilk,120,3,85,No,200 ml,4.5,200,10,milk,117
Amul Moti,187,87,77,No,200 ml,4.7,178,10,milk,100
Arokya Full Cream Fresh Milk,123,23,77,No,200 ml,4.5,843,10,milk,100
Akshayakalpa Organic Probiotic Plain Buttermilk,19,1,94,No,200 ml,4.6,200,10,milk,18
Amul Taaza Homogenised Toned Milk,82,3,96,No,200 ml,4.3,75,10,milk,79
Modern Family Special White Bread,50,2,96,No,200 ml,4.6,400,10,milk,48
Nandini Goodlife Toned Milk UHT,136,2,98,No,200 ml,4.7,118,10,milk,134
Britannia Milk Slice White Bread Combo,110,6,94,No,200 ml,4.2,831,10,milk,104
Sid's Farm Sweet Lassi,30,4,86,No,200 ml,4.5,200,10,milk,26
Sid's Farm Cow Fresh Milk Combo,184,84,77,No,200 ml,4.4,75,10,milk,100
Akshayakalpa Organic Probiotic Spiced Buttermilk,19,1,94,No,200 ml,4.7,200,10,milk,18
Heritage Fresh Buffalo Milk,150,6,96,No,200 ml,4.5,264,10,milk,144
Daily Good Milk Bread,155,13,76,No,200 ml,4.3,319,10,milk,142
Amul Taaza Homogenised Toned Milk,32,1,96,No,200 ml,4.7,215,10,milk,31
Milky Mist Greek Yogurt,50,5,90,No,200 ml,4.7,100,10,milk,45
Godrej Jersey Rich Toned Fresh Milk,96,3,96,No,200 ml,4.2,891,10,milk,93
Milky Mist Set Curd Tub,120,22,81,No,200 ml,4.7,120,10,milk,98
Heritage Special Long Life Toned Milk,100,5,95,No,200 ml,4.3,890,10,milk,95
Britannia Breakfast Slice White Bread,55,6,89,No,200 ml,4.6,450,10,milk,49
Godrej Jersey Rich Toned Fresh Milk,45,5,88,No,200 ml,4.5,162,10,milk,40
Milky Mist Fruit Yogurt Mango Combo,90,6,93,No,200 ml,4.2,697,10,milk,84
Amul Taaza Homogenised Toned Milk,49,2,95,No,200 ml,4.2,504,10,milk,47
Milky Mist High Protein Paneer,145,32,77,Yes,200 ml,4.5,200,10,milk,113
Milky Mist Fruit Yogurt Peach,30,2,93,No,200 ml,4.7,100,10,milk,28
Milky Mist Plain Curd Cup,33,2,93,No,200 ml,4.6,200,10,milk,31
Amul Camel Milk PET Bottle,125,25,77,Yes,200 ml,4.5,149,10,milk,100
Amul Gold Homogenised Standardised Milk,160,60,77,No,200 ml,4.4,959,10,milk,100
Britannia Vita Rich Sandwich Premium White Bread,50,2,96,No,200 ml,4.6,400,10,milk,48
Amul Lactose Free Milk,104,4,96,No,200 ml,4.2,174,10,milk,100
Amul Lactose Free Milk,78,3,96,No,200 ml,4.6,708,10,milk,75
Amulya Dairy Whitener,199,99,77,No,200 ml,4.9,200,10,milk,100
Nandini Goodlife Slim Skimmed Milk UHT,172,72,77,No,200 ml,4.4,138,10,milk,100
Amulya Dairy Whitener,199,99,77,No,200 ml,4.8,200,10,milk,100
Milky Mist Greek Yogurt Combo,150,18,88,No,200 ml,4.7,653,10,milk,132
Milky Mist Greek Yogurt Blueberry,55,7,87,No,200 ml,4.3,807,10,milk,48
Milky Mist Paneer,310,143,53,No,200 ml,4.6,500,10,milk,167
Amul Taaza Homogenised Toned Milk,150,6,96,No,200 ml,4.6,658,10,milk,144
Milky Mist Plain Curd Cup,65,8,87,No,200 ml,4.6,400,10,milk,57
Milky Mist Fruit Yogurt Mango Combo,60,4,93,No,200 ml,4.2,138,10,milk,56
Milky Mist Fruit Yogurt Strawberry Combo,60,12,80,No,200 ml,4.2,845,10,milk,48
Godrej Jersey Rich Toned Fresh Milk,100,24,76,No,200 ml,4.7,659,10,milk,76
Modern Bread Milk Plus Combo,110,6,94,No,200 ml,4.4,547,10,milk,104
Milky Mist Set Curd Tub Combo,240,44,81,No,200 ml,4.3,191,10,milk,196
Amul Slim Trim Skimmed Milk,255,9,96,No,200 ml,4.7,466,10,milk,246
Britannia Milk Slice White Bread Combo,60,8,86,No,200 ml,4.4,854,10,milk,52
Amul Taaza Homogenised Toned Milk,375,15,96,No,200 ml,4.3,163,10,milk,360
Milky Mist Fruit Yogurt Blueberry Combo,120,28,76,No,200 ml,4.6,183,10,milk,92
Milky Mist Fruit Yogurt Peach Combo,60,6,90,No,200 ml,4.7,682,10,milk,54
Milky Mist Mango Shrikhand,45,6,86,No,200 ml,4.6,100,10,milk,39
Milky Mist Fruit Yogurt Peach Combo,90,6,93,No,200 ml,4.6,961,10,milk,84
Spencer's Premium Milk Bread Combo,110,6,94,No,200 ml,4.6,341,10,milk,104
Milky Mist Cooking Butter Unsalted,72,13,81,No,200 ml,4.7,100,10,milk,59
Milky Mist Greek Yogurt,100,13,87,No,200 ml,4.8,225,10,milk,87
Amul Lactose Free Milk,130,5,96,No,200 ml,4.4,463,10,milk,125
Nestle EveryDay Dairy Whitener,129,29,77,No,200 ml,4.8,200,10,milk,100
Milky Mist Greek Yogurt Combo,100,10,90,No,200 ml,4.3,383,10,milk,90
Milky Mist Skyr,65,8,87,Yes,200 ml,4.7,100,10,milk,57
Amulya Dairy Whitener,198,14,92,No,200 ml,4.2,458,10,milk,184
Milky Mist Curd Pouch Combo,84,12,85,No,200 ml,4.4,548,10,milk,72
Milky Mist Elaichi Shrikhand,45,6,86,No,200 ml,4.8,100,10,milk,39
Milky Mist Greek Yogurt,275,68,75,No,200 ml,4.4,836,10,milk,207
Yakult Light Probiotic Fermented Milk Drink,100,5,95,No,200 ml,4.6,100,10,milk,95
Milky Mist Cheese,75,14,81,No,200 ml,4.8,100,10,milk,61
Milky Mist Shredded Mozzarella Pizza Cheese,140,28,80,No,200 ml,4.8,200,10,milk,112
Amul Taaza Homogenised Toned Milk,900,48,94,No,200 ml,4.6,247,10,milk,852
Milky Mist Paneer Combo,250,88,64,No,200 ml,4.2,561,10,milk,162
Milky Mist Mango Shrikhand Combo,135,27,80,No,200 ml,4.7,776,10,milk,108
Milky Mist Cheese,142,34,76,No,200 ml,4.5,200,10,milk,108
Milky Mist Curd Pouch Combo,126,18,85,No,200 ml,4.3,748,10,milk,108
Akshayakalpa Organic Cow Milk,252,52,77,No,200 ml,4.3,969,10,milk,200
Milky Mist Mango Shrikhand Combo,90,14,84,No,200 ml,4.3,794,10,milk,76
Amulya Dairy Whitener,245,45,77,No,200 ml,4.8,500,10,milk,200
Nandini Goodlife Slim Skimmed Milk UHT,142,2,98,No,200 ml,4.2,597,10,milk,140
Milky Mist Mozzarella Pizza Cheese,170,45,73,Yes,200 ml,4.2,678,10,milk,125
Amul Slim Trim Skimmed Milk,170,6,96,No,200 ml,4.3,311,10,milk,164
Milky Mist Cheese,284,68,76,No,200 ml,4.4,520,10,milk,216
Modern Family Special White Bread Combo,100,6,94,No,200 ml,4.6,736,10,milk,94
Milky Mist Paneer Combo,620,286,53,No,200 ml,4.6,238,10,milk,334
Milky Mist Processed Cheese,132,14,89,No,200 ml,4.6,200,10,milk,118
Milky Mist High Protein Paneer Combo,290,64,77,No,201 ml,4.6,680,10,milk,226
Sid's Farm A2 Buffalo Milk Tetra Pack,140,13,90,Yes,201 ml,4.5,582,10,milk,127
Milky Mist Greek Yogurt,349,106,69,No,201 ml,4.5,898,10,milk,243
Milky Mist Processed Cheese,264,42,84,No,201 ml,4.2,331,10,milk,222
Milky Mist Skyr Combo,130,16,87,No,201 ml,4.5,877,10,milk,114
Milky Mist Greek Yogurt Combo,200,20,90,No,201 ml,4.7,691,10,milk,180
Modern Family Special White Bread Combo,150,15,90,No,201 ml,4.7,690,10,milk,135
Nandini Goodlife Slim Skimmed Milk UHT,213,3,98,No,201 ml,4.5,746,10,milk,210
Britannia Breakfast Slice White Bread Combo,110,12,89,No,201 ml,4.6,889,10,milk,98
Britannia Breakfast Slice White Bread Combo,165,18,89,No,201 ml,4.3,630,10,milk,147
Milky Mist Fruit Yogurt Blueberry,299,74,75,No,201 ml,4.3,540,10,milk,225
Yakult Light Probiotic Fermented Milk Drink Combo,200,12,94,No,201 ml,4.4,184,10,milk,188
Milky Mist Skyr,324,72,77,No,500 ml,4.2,388,10,milk,252
Milky Mist Greek Yogurt Combo,550,136,75,No,500 ml,4.5,72,10,milk,414
Milky Mist Shredded Mozzarella Pizza Cheese Combo,280,56,80,No,500 ml,4.3,634,10,milk,224
Milky Mist Greek Yogurt,774,208,73,No,500 ml,4.2,583,10,milk,566
Milky Mist Greek Yogurt Combo,825,204,75,No,500 ml,4.2,534,10,milk,621
Milky Mist Plain Curd Cup Combo,130,16,87,No,500 ml,4.6,732,10,milk,114
Milky Mist Shredded Mozzarella Pizza Cheese,340,89,73,No,500 ml,4.8,500,10,milk,251
Milky Mist Mozzarella Pizza Cheese Combo,340,94,72,No,500 ml,4.5,493,10,milk,246
Amul Taaza Homogenised Toned Milk,225,9,96,No,500 ml,4.7,491,10,milk,216
Amul Gold Homogenised Standardised Milk,240,40,77,No,500 ml,4.5,643,10,milk,200
"Engage W2 Perfume for Women, Floral",230,93,59,No,120 ml,4.6,230,12,fragrances,137
Park Avenue Pure Collection Trance Perfume Spray,199,51,74,No,135 ml,4.3,199,12,fragrances,148
Wild Stone Edge Perfume for Men,699,324,53,No,100 ml,4.7,699,12,fragrances,375
The Man Company Signature Perfume Duo,498,214,57,No,100 ml,3.9,751,12,fragrances,284
"Engage ON Cool Marine Pocket Perfume For Men, Citrus",70,9,87,No,18 ml,4.5,70,12,fragrances,61
The Man Company Black EDT Perfume for Men,2499,2,99,No,100 ml,4.4,629,12,fragrances,2497
Secret Temptation Te Amo Aqua No Gas Perfume Body Spray for Women,250,86,65,No,120 ml,4.4,250,12,fragrances,164
Bella Vita Organic Luxury Perfumes Gift Set For Women,849,300,64,No,20 ml,4.6,849,12,fragrances,549
Bella Vita Organic Unisex Luxury Perfume Gift Set,849,300,64,No,20 ml,4.7,849,12,fragrances,549
Villain Snake Perfume For Men Strong Smoky Sexy And Masculine,799,356,55,No,100 ml,4.6,799,12,fragrances,443
Villain Perfume Eau De Parfum,799,321,59,No,100 ml,4.5,926,12,fragrances,478
Engage W1 Perfume Spray For Women,230,66,71,No,120 ml,4.4,914,12,fragrances,164
Park Avenue Good Morning Perfume For Men Fresh Long Lasting Fragrance,225,65,71,No,150 ml,4.2,225,12,fragrances,160
Wild Stone Body Perfume For Men,275,101,63,No,120 ml,4.4,275,12,fragrances,174
Wild Stone Ultra Sensual Perfume,699,276,60,No,100 ml,4.7,699,12,fragrances,423
"Engage ON Cool Aqua Pocket Perfume For Women, Floral",70,5,92,No,8 ml,4.7,440,12,fragrances,65
Villain Exotic Oud Luxury Premium Long,399,136,65,No,50 ml,4.2,642,39,fragrances,263
Secret Temptation Romance Eau De Parfum For Women,699,324,53,No,100 ml,4.4,443,12,fragrances,375
Beardo Godfather Long Lasting Perfume For Men Eau De Parfum,699,115,83,No,100 ml,4.6,373,39,fragrances,584
Villain Legacy Classic Luxury Premium Long Lasting Fragrance Eau De Perfum For Men,399,136,65,No,50 ml,4.5,399,12,fragrances,263
La French Cuddle Perfume,299,99,66,No,30 ml,4.4,949,12,fragrances,200
Villain Hydra Perfume 100 Ml,799,343,57,No,100 ml,4.4,712,12,fragrances,456
Fastrack Night Out Eau De Parfum For Men,845,329,61,No,100 ml,4.5,170,12,fragrances,516
Wild Stone Code Steel Body Perfume,350,133,62,No,150 ml,4.7,350,12,fragrances,217
Engage Vibes Perfume Spray Set For Men,699,345,50,No,25 ml,4.3,368,39,fragrances,354
Fraganote Unisex Vanilla Wood Eau De Parfum,1699,634,62,No,50 ml,4.6,978,39,fragrances,1065
Beardo Bestseller Perfumes Giftset,600,87,85,No,20 ml,4.4,237,12,fragrances,513
Engage Femme Eau De Parfum for Women,449,172,61,No,50 ml,4.5,190,12,fragrances,277
Park Avenue Voyage Amazon Woods Perfume Body Spray,349,150,57,No,120 ml,4.6,349,12,fragrances,199
"Engage ON Classic Woody Pocket Perfume For Men, Citrus",70,5,92,No,17 ml,4.6,630,12,fragrances,65
"Hira Spoiled Sweet Eau De Perfume Mini for Women with Pear, Hazelnut",199,94,52,No,5 ml,4.4,52,39,fragrances,105
"Engage M1 Perfume for Men, Citrus",230,60,73,No,120 ml,4.2,230,12,fragrances,170
Engage Luxury Perfume Gift Set for Men,999,412,58,No,120 ml,4.6,711,39,fragrances,587
Bella Vita Organic Ceo Man Eau De Parfum For Men Long,899,449,50,No,100 ml,4.5,899,12,fragrances,450
Hira Red Flag Eau De Perfume Mini for Women with Tuberose,199,94,52,No,5 ml,4.5,738,39,fragrances,105
Engage Yin Eau De Parfum for Men,449,172,61,No,50 ml,4.2,115,12,fragrances,277
Park Avenue Euphoria Eau De Parfum Premium Perfume for Men,799,398,50,No,100 ml,4.6,799,12,fragrances,401
Engage Vibes Perfume Spray Set For Women,699,345,50,No,25 ml,4.5,590,12,fragrances,354
Puresense Saffron And Oud Long Lasting Fragrance Eau De Parfum,499,71,85,No,50 ml,4.7,71,12,fragrances,428
The Man Company Eau De Parfum Destiny,999,475,52,No,100 ml,4.7,175,12,fragrances,524
Carlton London Limited Edition Incense Perfume,1990,1,99,No,100 ml,3.5,159,12,fragrances,1989
Villain Rebel Combo Premium Perfume Gift Set For Men Eau De Perfume,999,494,50,No,100 ml,4.6,614,12,fragrances,505
Ajmal Aretha Eau De Perfume Fruity Perfume Long Lasting Scent Spray Party Wear Gift For Women,1000,372,62,No,50 ml,3.9,184,39,fragrances,628
La French Bespoke Perfume,299,108,63,No,30 ml,4.5,700,12,fragrances,191
Villain Unstoppable Mischief Premium Long Lasting Fragrance Eau De Perfum For Men,399,148,62,No,50 ml,4.4,675,39,fragrances,251
Ustraa Scuba Cologne,899,359,60,No,50 ml,4.4,234,12,fragrances,540
DENVER Hamilton EDP,699,260,62,No,100 ml,4.6,942,12,fragrances,439
Secret Temptation Dream Eau De Parfum For Women,699,305,56,No,100 ml,4.9,337,39,fragrances,394
Park Avenue Harmony Eau De Parfum Premium Perfume for Men,799,398,50,No,100 ml,4.6,892,12,fragrances,401
Park Avenue Voyage Obsession,399,160,59,No,50 ml,4.3,384,12,fragrances,239
Bella Vita Unisex Night Fever Edp Long Lasting Perfume For Men And Women,899,424,52,No,100 ml,4.6,586,12,fragrances,475
Fastrack Perfume Women Beat,895,347,61,No,100 ml,4.4,283,39,fragrances,548
Bella Vita Honey Oud Unisex Eau De Perfume,999,450,54,No,100 ml,4.6,999,12,fragrances,549
Park Avenue Conquer Eau De Parfum Premium Perfume for Men,799,313,60,No,100 ml,4.3,589,12,fragrances,486
mCaffeine The Addiction Collection 80Ml,799,391,51,No,20 ml,4.2,338,39,fragrances,408
Yardley London Gentleman Classic Perfume for Men,649,238,63,No,100 ml,4.1,138,12,fragrances,411
DENVER Hamilton Perfume For Men,450,186,58,No,70 ml,4.5,913,12,fragrances,264
Engage Yang Eau De Parfum for Women,449,172,61,No,50 ml,4.6,144,12,fragrances,277
Ajmal Silver Shade Edp 100Ml Long Lasting Scent Spray Citrus Perfume Gift For Men,2000,811,59,No,100 ml,4.9,189,39,fragrances,1189
"Park Avenue Oud, Eau De Parfum Men, Long Lasting Perfume for Men",999,429,57,No,100 ml,3.9,186,12,fragrances,570
Plum BodyLovin' Vanilla Vibes Eau De Parfum,325,73,77,No,15 ml,4.7,487,12,fragrances,252
Villain Revolver Eau De Parfum For Men Gold Edition Eau De Perfume Premium Long Lasting,1499,701,53,No,100 ml,4.8,151,39,fragrances,798
"Engage Femme Eau De Parfum for Women, Citrus and Floral Fragrance Scent",649,217,66,No,100 ml,4.5,845,12,fragrances,432
Wild Stone Hydra Energy Perfume For Men,699,276,60,No,100 ml,4.7,699,12,fragrances,423
Engage One Soul Gender,649,199,69,No,100 ml,3.8,305,12,fragrances,450
PureSense Opulence Perfume Gift Set For Men,849,42,95,No,100 ml,4.5,56,12,fragrances,807
Plum BodyLovin' Vanilla Caramello Eau De Parfum,899,216,75,No,50 ml,4.5,261,12,fragrances,683
Engage Vibes Perfume Spray Set For Men,699,286,59,No,25 ml,4.4,421,12,fragrances,413
Bella Vita Vanilla Gourmet Collection Edp Unisex Perfume For Men And Women 100 ml,799,200,74,No,100 ml,4.6,154,39,fragrances,599
Engage Homme Eau De Parfum for Men,449,176,60,No,50 ml,3.5,123,12,fragrances,273
Ajmal Yearn Eau De Perfume Aquatic Perfume Long Lasting Scent Spray Party Wear Gift For Men,1500,1,99,No,100 ml,4.5,256,39,fragrances,1499
Villain Oud Eau De Parfumpremium Luxury Perfume For Men,799,343,57,No,100 ml,4.4,734,12,fragrances,456
Bella Vita Organic Luxury Skai Aquatic Unisex Eau De Cologne Perfume,699,214,69,No,100 ml,4.8,699,12,fragrances,485
Wild Stone Edge Forest Spice Hydra Energy And Ultra Sensual Perfume Combo For Men,999,489,51,No,100 ml,4.6,891,39,fragrances,510
Villain Desire Eau De Parfum With Vanilla Amber And Patchouli,799,343,57,No,100 ml,4.5,470,12,fragrances,456
Secret Temptation Mini Perfume Gift Pack of 4,799,343,57,No,100 ml,4.5,445,12,fragrances,456
Body Cupid Luxury Perfume Gift Set for Her Long Lasting Fragrances,1199,479,60,No,100 ml,4.7,471,12,fragrances,720
Bella Vita Organic Luxury Date Perfume,999,450,54,No,100 ml,4.5,999,12,fragrances,549
"Engage Luxury Perfume Gift Set for Women, Travel Sized, Assorted Pack",999,387,61,No,100 ml,4.6,768,39,fragrances,612
Freed Queen Energy Perfume For Women Eau De Parfum,899,446,50,No,80 ml,4.9,161,12,fragrances,453
BELLAVITA Unisex Narco Edp Long Lasting Perfume For Men And Women,899,399,55,No,100 ml,4.7,425,39,fragrances,500
Bella Vita Luxury Hot Mess Eau De Parfum Perfume for Women,1099,300,72,No,100 ml,4.5,100,12,fragrances,799
BELLAVITA Blush Unisex Edp Perfume For Men And Women,899,334,62,No,100 ml,4.6,298,39,fragrances,565
"Engage Verona Perfume for Women, Citrus",649,199,69,No,100 ml,4.4,337,12,fragrances,450
Villain Luxury Villain Party Combo Premium Long Lasting Perfume For Men,1598,789,50,No,100 ml,4.5,625,39,fragrances,809
Park Avenue Signature Perfume Gift Set For Men 2 Deo 1 Eau De Perfume,899,326,63,No,350 ml,4.4,756,12,fragrances,573
Skinn By Titan Raw Perfume For Men Edp,695,107,84,No,20 ml,4.4,410,12,fragrances,588
Plum Bodylovin' Vanilla Vibes Eau De Parfum,799,207,74,No,50 ml,4.8,113,39,fragrances,592
Fraganote Unisex Spice Wood Eau De Parfum,1699,665,60,No,50 ml,4.5,367,39,fragrances,1034
Skinn By Titan Celeste Perfume For Women Edp,695,104,85,No,20 ml,4.8,225,12,fragrances,591
Bella Vita Organic All Star Edp Perfume Gift Set For Men,849,274,67,No,80 ml,4.2,91,12,fragrances,575
Renee Floral Fest Eau De Parfum,599,110,81,No,50 ml,4.5,879,39,fragrances,489
Renee Disney Fairytale Perfume Combo,750,128,82,No,50 ml,4.5,731,39,fragrances,622
The Love Co Solid Perfume,699,43,93,No,12 ml,4.5,420,39,fragrances,656
Yardley London Morning Dew Perfume Fresh Floral Scent for Women,649,217,66,No,100 ml,4.5,85,39,fragrances,432
Bella Vita Mango Gourmet Collection Edp Unisex Perfume For Men And Women 100 ml,799,200,74,No,100 ml,4.5,102,12,fragrances,599
Park Avenue Euphoria and Harmony Eau De Perfume Gift Set for Men,1499,654,56,No,100 ml,4.9,469,12,fragrances,845
Carlton London Limited Edition Blush Perfume,2190,1,99,No,100 ml,4.4,145,12,fragrances,2189
"Engage Homme Perfume for Men, Citrus",649,217,66,No,100 ml,4.4,231,12,fragrances,432
"Engage Yin Perfume for Men, Spicy",649,195,69,No,100 ml,4.2,270,39,fragrances,454
Skinn By Titan Raw Perfume For Men Edp,1995,299,85,No,50 ml,4.5,191,12,fragrances,1696
Park Avenue Luxury Men Perfume Gift Set For Men,849,391,53,No,20 ml,4.7,849,12,fragrances,458
Bella Vita Luxury White Oud Eau De Parfum Unisex Perfume for Men,999,450,54,No,100 ml,4.5,605,12,fragrances,549
Skinn Tales Vanilla Eau De Parfum For Her,1095,526,51,No,100 ml,4.5,97,12,fragrances,569
Armaf Tres Nuit Men Perfume,2295,115,94,No,100 ml,4.4,678,39,fragrances,2180
Bella Vita Organic Be Iconic Edp Perfume Gift Set For Women,849,274,67,No,80 ml,4.8,103,39,fragrances,575
Ajmal Blu Dreams Edp Long Lasting Scent Spray Fougere Perfume Gift For Men,799,297,62,No,100 ml,3.7,314,39,fragrances,502
Beardo Three Worlds Of Oud Luxury Perfume Giftset,699,188,73,No,60 ml,4.4,172,12,fragrances,511
Ustraa After Dark Cologne,899,440,51,No,100 ml,4.1,247,12,fragrances,459
Bella Vita Pistachio Gourmet Collection Edp Unisex Perfume For Men And Women 100 ml,799,200,74,No,100 ml,4.6,109,39,fragrances,599
"Engage Amber Hues Perfume For Men, Ambery",649,198,69,No,100 ml,4.2,350,12,fragrances,451
BELLAVITA Unisex Devil Edp Long Lasting Perfume For Men And Women,899,399,55,No,100 ml,4.8,407,39,fragrances,500
mCaffeine Fien Rush,799,229,71,No,4 pcs,3.3,120,12,fragrances,570
Renee Eau De Parfum Dark Desire,350,51,85,No,15 ml,4.6,330,12,fragrances,299
ENVY Natural Spray Women Luxury Perfume Scent,399,115,71,No,70 ml,4.2,165,39,fragrances,284
BSC Scentsutra Perfume Gift Set for Women,1499,1,99,No,30 ml,4.8,271,12,fragrances,1498
Beardo Best,1200,334,72,No,20 ml,4.9,162,39,fragrances,866
HIRA Women's Perfume,1799,313,82,No,30 g,4.5,308,12,fragrances,1486
Bella Vita Luxury KLUB Perfume,799,250,68,No,100 ml,4.5,610,12,fragrances,549
Plum Bodylovin' Hawaiian Rumba Eau De Parfum,325,70,78,No,15 ml,4.9,362,39,fragrances,255
Park Avenue Eau De Perfume Liquid Premium Gift Kit For Men,1599,732,54,No,50 ml,4.6,219,12,fragrances,867
Skinn By Titan Nude Perfume For Women Edp,695,125,82,No,20 ml,4.8,194,39,fragrances,570
Plum Luxe Perfumes Gift,999,200,79,No,45 ml,4.1,84,39,fragrances,799
Body Cupid Luxury Perfume Gift Set for Men Long Lasting Fragrances,1199,421,64,No,46 ml,4.8,359,12,fragrances,778
BELLAVITA Unisex Pure Musk Edp Long Lasting Perfume For Men And Women,899,399,55,No,100 ml,3.6,483,12,fragrances,500
Adilqadri Aq 365 Perfume for men and women French,1199,402,66,No,100 ml,4.2,183,39,fragrances,797
Renee Madame Eau De Parfum,399,67,83,No,20 ml,4.2,772,39,fragrances,332
Hira Silk Robe Eau De Perfume Mini for Women with Cognac,199,94,52,No,5 ml,4.2,297,39,fragrances,105
Clensta White Oud Eau De Perfume,499,25,94,No,100 ml,4.5,834,12,fragrances,474
"Engage Luxury Perfume Gift Pack for Men, Travel Sized, Assorted Pack",999,442,55,No,100 ml,4.5,549,12,fragrances,557
Contraband Have It All Eau De Parfum,1750,88,94,No,30 ml,4.5,160,39,fragrances,1662
Ajmal Luxury Unisex Eau De Parfum Gift Set 4 x 20ml,999,430,56,No,80 ml,4.7,84,39,fragrances,569
Skinn By Titan Celeste Perfume For Women Edp,1995,359,82,No,50 ml,4.5,143,12,fragrances,1636
Wild Stone Code Terra Eau De Parfum Mature And Sleek Personality Premium Perfume For Men,1299,623,52,No,100 ml,4.4,187,12,fragrances,676
"Engage Yang Eau De Parfum for Women, Floral",649,217,66,No,100 ml,4.3,370,12,fragrances,432
Skinn By Titan Raw And Verge Nos Perfumes For Men Edp,1995,95,77,No,25 ml,4.1,162,12,fragrances,1900
Carlton London Escape Perfume Women,1890,1,99,No,100 ml,4.6,201,39,fragrances,1889
Carlton London Explorer Discovery Perfume Tester Pack for Men,1690,1,99,No,100 ml,3.3,127,12,fragrances,1689
HIRA After Hours Eau De Perfume For Men,1999,480,75,No,50 ml,4.5,524,39,fragrances,1519
Skinn By Titan Steele Perfume For Men Edp,695,104,85,No,20 ml,4.6,172,12,fragrances,591
Ajmal Blu Edp Ml Long Lasting Scent Spray Citrus Perfume Gift For Men,3000,711,76,No,50 ml,4.5,76,39,fragrances,2289
Ajmal Discovery Set Of 5 Eau De Perfume,1199,454,62,No,20 ml,3.9,149,12,fragrances,745
Yardley London Autumn Bloom Daily Wear Perfume,649,216,66,No,100 ml,4.3,319,39,fragrances,433
Armaf Ventana Homme Perfume,2490,125,94,No,100 ml,4.3,814,39,fragrances,2365
Ajmal Kuro Edp Ml Long Lasting Scent Spray Fresh Perfume Gift For Men,3000,661,77,No,100 ml,4.6,113,39,fragrances,2339
Skinn By Titan Verge Perfume For Men Edp,695,104,85,No,20 ml,4.3,156,12,fragrances,591
Metaman Ha1o Luxury Perfumes Gift Set For Men,1199,478,60,No,100 ml,4.7,51,39,fragrances,721
Skinn 24Seven Gift Pack Edp Perfume For Men,1745,262,84,No,100 ml,4.2,67,12,fragrances,1483
Salvatore Ferragamo Signorina Misteriosa Eau De Parfum,10750,3,99,No,100 ml,4.2,864,39,fragrances,10747
Clensta Luxury Men's Perfume Gift Set,549,37,93,No,80 ml,4.2,556,12,fragrances,512
Tommy Hilfiger Impact Intense Eau De Parfum,6800,2,99,No,50 ml,4.6,374,39,fragrances,6798
Bravoman Insense,1699,180,89,No,100 ml,4.2,952,39,fragrances,1519
Fraganote Discovery Women's Eau De Parfum Set,1699,683,59,No,10 ml,4.6,903,39,fragrances,1016
Bravoman Bravo Eau De Parfum Perfume For Men,1699,323,80,No,100 ml,4.7,827,39,fragrances,1376
Bravoman Balsam,1699,323,80,No,100 ml,4.5,853,39,fragrances,1376
HIRA Women's Perfume,1799,313,82,No,30 g,4.2,776,12,fragrances,1486
HIRA Oak,1999,480,75,No,50 ml,4.2,956,39,fragrances,1519
HIRA Men's Perfume,1799,313,82,No,50 ml,4.6,965,12,fragrances,1486
HIRA Spoiled Sweet Eau De Perfume For Women,1999,481,75,No,50 ml,4.7,994,39,fragrances,1518
Fogg Marco Body Spray For Men,275,136,50,No,150 ml,4.3,275,12,fragrances,139
Bella Vita Organic Luxury Perfumes Gift Set For Women,899,350,61,No,80 ml,4.5,843,12,fragrances,549
Bella Vita Organic Unisex Luxury Perfume Gift Set,994,362,63,No,80 ml,4.2,370,12,fragrances,632
Bella Vita Organic Luxury Perfumes Gift Set For Men,899,350,61,No,80 ml,4.4,841,12,fragrances,549
Bella Vita Organic Ceo Man Eau De Parfum For Men Long,1798,880,51,No,80 ml,4.3,661,12,fragrances,918
Bella Vita Organic Luxury Perfumes Gift Set For Women Combo,1698,600,64,No,80 ml,4.7,526,12,fragrances,1098
Bella Vita Organic Ceo Man Eau De Parfum For Men Long,1044,515,50,No,100 ml,4.3,978,12,fragrances,529
Bella Vita Organic Unisex Luxury Perfume Gift Set,899,350,61,No,80 ml,4.2,743,12,fragrances,549
"Park Avenue Euphoria, Eau De Parfum Men, Long Lasting Perfume For Men",898,348,61,No,100 ml,4.6,345,12,fragrances,550
"Engage W2 Perfume For Women, Floral",415,133,67,No,120 ml,4.2,231,12,fragrances,282
Bella Vita Organic Luxury Date Perfume,1049,508,51,No,100 ml,4.2,511,12,fragrances,541
Bella Vita Organic Ceo Man Eau De Parfum For Men Long,1084,515,52,No,100 ml,4.6,850,12,fragrances,569
"Engage W2 Perfume For Women, Floral",415,133,67,No,120 ml,4.3,437,12,fragrances,282
Bella Vita Organic Luxury Perfumes Gift Set For Men,994,362,63,No,80 ml,4.7,748,12,fragrances,632
"Engage Luxury Perfume Gift Pack For Men, Travel Sized, Assorted Pack",1184,482,59,No,100 ml,4.6,101,12,fragrances,702
Bella Vita Organic Luxury Perfumes Gift Set For Men Combo,1698,600,64,No,100 ml,4.5,544,12,fragrances,1098
"Engage Luxury Perfume Gift Pack For Men, Travel Sized, Assorted Pack",1144,482,57,No,100 ml,4.5,237,12,fragrances,662
Park Avenue Luxury Men Perfume Gift Set For Men,994,431,56,No,80 ml,4.5,84,12,fragrances,563
Bella Vita Organic Unisex Luxury Perfume Gift Set Combo,1698,600,64,No,80 ml,4.6,292,12,fragrances,1098
Bella Vita Organic Luxury Perfumes Gift Set For Women,1034,340,67,No,80 ml,4.6,606,12,fragrances,694
Bella Vita Organic Unisex Luxury Perfume Gift Set,1034,362,64,No,80 ml,4.2,637,12,fragrances,672
Bella Vita Organic Luxury Date Perfume,1144,520,54,No,100 ml,4.6,465,12,fragrances,624
Bella Vita Organic Luxury Perfumes Gift Set For Men,1148,385,66,No,80 ml,4.2,919,12,fragrances,763
Park Avenue Euphoria And Harmony Eau De Perfume Gift Set For Men,1549,693,55,No,200 ml,4.4,334,12,fragrances,856
Bella Vita Organic Luxury Date Perfume,1298,536,58,No,100 ml,4.4,221,12,fragrances,762
Bella Vita Organic Luxury Perfumes Gift Set For Men,1034,362,64,No,80 ml,4.3,821,12,fragrances,672
Bella Vita Organic Ceo Man Eau De Parfum For Men Long,1084,515,52,No,100 ml,4.6,955,12,fragrances,569
Bella Vita Organic Luxury Perfumes Gift Set For Men,1034,362,64,No,80 ml,4.7,703,12,fragrances,672
Park Avenue Euphoria And Harmony Eau De Perfume Gift Set For Men,1684,705,58,No,200 ml,4.4,691,12,fragrances,979
Bella Vita Organic Luxury Perfumes Gift Set For Women,994,362,63,No,80 ml,4.2,175,12,fragrances,632
Bella Vita Organic Luxury Perfumes Gift Set For Women,1148,385,66,No,80 ml,4.4,327,12,fragrances,763
Bella Vita Organic Luxury Date Perfume,1184,520,56,No,100 ml,4.7,389,12,fragrances,664
Park Avenue Luxury Men Perfume Gift Set For Men,1034,431,58,No,80 ml,4.7,432,12,fragrances,603
Skinn By Titan Raw Perfume For Men Edp,2180,419,80,No,50 ml,4.4,66,12,fragrances,1761
Park Avenue Luxury Men Perfume Gift Set For Men,1148,476,58,No,80 ml,4.7,319,12,fragrances,672
Park Avenue Euphoria And Harmony Eau De Perfume Gift Set For Men,1798,739,58,No,200 ml,4.2,642,12,fragrances,1059
Skinn By Titan Raw Perfume For Men Edp,2294,435,81,No,50 ml,4.6,673,12,fragrances,1859
Bella Vita Organic Ceo Man Eau De Parfum For Men Long,1198,535,55,No,100 ml,4.7,361,12,fragrances,663
Bella Vita Organic Unisex Luxury Perfume Gift Set,1148,385,66,No,80 ml,4.2,979,12,fragrances,763
Skinn By Titan Raw Perfume For Men Edp,2140,419,80,No,50 ml,4.6,983,12,fragrances,1721
Dr. Sheth's Kesar,349,63,81,No,50 g,4.8,82,10,skin care,286
Parachute Advansed Deep Nourish Body Lotion,198,94,52,No,250 ml,4.7,250,6,skin care,104
NIVEA Luminous Even Glow Oil ,449,158,64,No,40 ml,4.1,175,10,skin care,291
NIVEA Luminous Even Glow Oil ,649,91,85,No,30 ml,4.5,604,6,skin care,558
Himalaya Natural Glow Fairness Cream,100,22,78,No,50 g,4.6,100,6,skin care,78
Vaseline Gluta Hya Flawless Glow,380,153,59,No,200 ml,4.6,380,6,skin care,227
Spring H2O 24 Carat Gold Manicure,325,62,80,No,60 g,4.3,72,10,skin care,263
Dot,395,51,87,No,100 g,4.6,395,6,skin care,344
Spring H2O Bridal Manicure,315,60,80,No,50 g,4.6,178,10,skin care,255
Glow,89,9,89,No,50 g,4.3,89,6,skin care,80
Glow,499,60,87,No,20 ml,4.7,637,6,skin care,439
Spring H2O Charcoal Facial Kit,290,55,81,No,50 g,4.9,76,10,skin care,235
Spring H2O Bridal Facial Kit ,395,80,79,No,80 g,4.3,342,6,skin care,315
Spring H2O D,499,55,88,No,30 ml,4.7,499,6,skin care,444
Spring H2O D,299,15,94,No,100 ml,4.7,299,6,skin care,284
Spring H2O D,298,57,80,No,100 ml,4.5,534,6,skin care,241
Fem Fairness Naturals Saffron Skin Bleach,110,21,80,No,64 g,4.7,787,6,skin care,89
Fem Fairness Naturals Saffron Skin Bleach,799,200,74,No,65 g,4.5,79,6,skin care,599
Mamaearth Rice Facial Kit With Rice Water,399,68,82,No,65 g,4.5,726,6,skin care,331
Fem Fairness Naturals Gold Skin Bleach,110,29,73,No,64 g,4.7,110,6,skin care,81
Lotus Herbals Radiant Diamond Cellular Radiance Facial Kit,390,105,73,No,65 g,4.5,473,6,skin care,285
Dot,395,63,84,No,50 g,4.8,75,10,skin care,332
The Face Shop Rice,1040,295,71,No,50 ml,4.6,120,10,skin care,745
Mamaearth Rice Oil,319,58,81,No,80 g,4.3,426,6,skin care,261
Bioderma Sebium Hydra Ultra,1195,173,85,No,40 ml,4.5,90,10,skin care,1022
Bioderma Sebium Hydra Ultra,249,27,89,No,80 ml,4.6,249,6,skin care,222
Just Herbs 7 Day Care Kit Face,649,297,54,No,145 g,4.6,210,10,skin care,352
Sebamed Clear Face Cleansing Foam,680,45,93,No,150 ml,4.4,292,10,skin care,635
Bioderma Atoderm Creme Ultra Moisturising Cream,699,101,85,No,200 ml,4.7,224,10,skin care,598
NIVEA Nourishing Body Lotion Body Milk,120,26,78,No,120 ml,4.7,120,6,skin care,94
Simple Kind To Skin Refreshing Facial Wash,420,125,70,No,150 ml,4.6,420,6,skin care,295
Garnier Vitamin C + Face Serum for Skin Brightening,299,47,84,No,15 ml,4.6,299,6,skin care,252
Dermafique Gift Essential,249,49,77,No,10 ml,4.3,249,6,skin care,200
Dermafique Gift Essential,1499,744,50,No,30 g,4.7,540,10,skin care,755
Dot,495,59,88,No,60 ml,4.7,495,6,skin care,436
Dot,449,27,93,No,50 ml,4.6,72,10,skin care,422
Dot,495,54,89,No,60 ml,4.6,438,6,skin care,441
Parachute Advansed Soft Touch Body Lotion,198,98,50,No,250 ml,4.4,250,6,skin care,100
Mamaearth Vitamin C Face Wash,99,10,89,No,50 ml,4.5,99,6,skin care,89
Mamaearth Vitamin C Face Wash,249,49,77,No,10 ml,4.6,249,6,skin care,200
Garnier Bright Complete Brightening Face Wash,219,46,79,No,100 g,4.7,219,6,skin care,173
Lakme Peach Milk Moisturizer Body Lotion,499,248,50,No,200 ml,4.5,499,6,skin care,251
Vaseline Deep Moisture Serum In Lotion ,515,235,54,No,400 ml,4.7,515,6,skin care,280
Pond's BB+ Cream,189,39,79,No,18 g,4.7,189,6,skin care,150
NIVEA Cocoa Nourish Body Lotion,565,278,50,No,400 ml,4.6,565,6,skin care,287
BoroPlus Doodh Kesar Body Lotion,440,165,62,No,400 ml,4.7,440,6,skin care,275
mCaffeine Summer Breeze Perfume Body Lotion,499,143,71,No,300 ml,4.7,145,6,skin care,356
Oxyglow Herbals Gold Facial Kit,250,71,71,No,50 g,4.4,471,6,skin care,179
Parachute Advansed Deep Nourish Body Lotion ,425,144,66,No,400 ml,4.7,425,6,skin care,281
NIVEA Shea Smooth Body Lotion,330,95,71,No,200 ml,4.6,330,10,skin care,235
Pond's Bright Beauty Anti,199,77,61,No,35 g,4.5,199,6,skin care,122
NIVEA Soft Light Moisturizer ,660,301,54,No,300 ml,4.7,660,6,skin care,359
NIVEA Soft Light Moisturizer ,299,30,89,No,10 ml,4.3,595,6,skin care,269
NIVEA Nourishing Body Lotion,760,347,54,No,600 ml,4.7,760,6,skin care,413
NIVEA Nourishing Body Lotion,249,12,95,No,10 ml,4.6,249,6,skin care,237
Mamaearth Ubtan Moisturizing Body Lotion,499,233,53,No,400 ml,4.3,499,6,skin care,266
Pilgrim Squalane Glow Moisturizer ,550,232,57,No,50 g,4.5,535,6,skin care,318
TAC Kumkumadi Gold Glow Facial Kit ,299,109,63,No,51 g,3.6,208,10,skin care,190
Cetaphil Daily Advance Ultra Hydrating Lotion,699,148,78,No,100 g,4.5,812,6,skin care,551
NIVEA Nourishing Body Lotion Body Milk,249,76,69,No,200 ml,4.5,249,6,skin care,173
Glow,205,17,91,No,80 g,4.7,205,6,skin care,188
Re'Equil Oil Free Mattifying Moisturising Gel,295,15,94,No,50 g,4.5,142,10,skin care,280
Biotique Winter Cherry Rejuvenating Body Lotion,260,75,71,No,190 ml,4.3,549,10,skin care,185
L'Oreal Paris Revitalift Hyaluronic Acid Serum Lightweight,529,118,77,No,15 ml,3.8,281,10,skin care,411
Hyphen Moisturizing Creamy Cleanser,299,18,93,No,100 ml,4.3,316,10,skin care,281
NIVEA Shea Smooth Body Lotion,565,254,55,No,400 ml,4.6,565,6,skin care,311
Cetaphil Moisturising Lotion,620,79,87,No,100 ml,4.6,620,6,skin care,541
Nimbarka Neem Face Serum,375,90,76,No,30 ml,4.8,69,10,skin care,285
Simple Kind To Skin Hydrating Light Moisturiser,499,168,66,No,125 ml,4.7,108,10,skin care,331
Plix The Plant Fix Jamun Face Wash,649,46,92,No,125 ml,4.8,69,10,skin care,603
Joy Honey,280,116,58,No,125 ml,4.7,529,10,skin care,164
Joy Honey,299,27,90,No,100 ml,4.6,299,6,skin care,272
Acmist Moisturising Cream Gel,399,53,86,No,50 g,4.7,89,10,skin care,346
Acmist Moisturising Cream Gel,749,185,75,No,30 ml,4.6,254,10,skin care,564
Lakme Peach Milk Moisturizer SPF 30,520,237,54,No,200 ml,4.4,353,10,skin care,283
Yardley London Hand and Body Lotion,425,205,51,No,400 ml,4.3,425,10,skin care,220
Yardley London Hand and Body Lotion,499,89,82,No,30 ml,4.2,61,10,skin care,410
Brightening Facial Single Dose Kit,560,39,93,No,30 ml,4.5,220,10,skin care,521
Garnier Bright Complete Vitamin C Serum Cream,319,93,70,No,45 g,4.5,491,6,skin care,226
Joy Pure Aloe Multi Benefit Skin Cream,280,128,54,No,45 g,4.8,602,6,skin care,152
Plix The Plant Fix Jamun Face Wash ,649,41,93,No,45 g,4.4,79,10,skin care,608
Mamaearth Vitamin C Facial Kit ,399,68,82,No,60 g,4.1,382,10,skin care,331
Dot,399,40,89,No,60 g,4.5,156,10,skin care,359
Lakme Peach Milk Moisturizer ,299,68,77,No,120 ml,4.6,299,6,skin care,231
Everyuth Naturals Face Wash,225,109,51,No,150 g,4.7,225,6,skin care,116
Mamaearth Vitamin C Daily Glow Face Serum,399,61,84,No,30 ml,4.1,408,10,skin care,338
Plum Marshmallow Melt Body Lotion ,475,119,74,No,400 ml,3.5,114,10,skin care,356
The Face Shop Rice,990,302,69,No,150 ml,4.5,174,10,skin care,688
Lakme Absolute Perfect Radiance Skin Brightening Light Creme,525,126,76,No,50 g,4.5,134,10,skin care,399
Cetaphil Moisturising Cream,669,137,79,No,80 g,4.6,669,6,skin care,532
Re'Equil Oil Free Moisturiser ,295,15,94,No,100 g,4.4,304,6,skin care,280
Vaseline Deep Moisture Body Lotion,249,66,73,No,200 ml,4.7,249,6,skin care,183
Cetaphil Moisturising Lotion ,1199,144,87,No,250 ml,3.9,222,10,skin care,1055
Vaseline Deep Moisture Body Lotion,750,328,56,No,600 ml,4.8,750,6,skin care,422
NIVEA Soft Light Moisturizer ,265,64,75,No,100 ml,4.7,265,6,skin care,201
VLCC Bridal Glow Facial Kit,529,87,83,No,49 g,4.5,182,10,skin care,442
Cetaphil Moisturising Cream,1349,148,89,No,250 g,4.9,285,10,skin care,1201
NIVEA Creme,524,205,60,No,200 ml,4.8,524,6,skin care,319
Vlcc Pearl Single Facial Kit,329,148,55,No,60 g,4.5,693,6,skin care,181
Vlcc Pearl Single Facial Kit,449,67,85,No,150 ml,4.6,449,6,skin care,382
Everyuth Naturals Moisturizing Fruit Face Wash ,225,105,53,No,150 g,4.6,225,6,skin care,120
Vlcc Almond Honey Deep Nourishing,370,74,80,No,700 ml,4.9,410,10,skin care,296
NIVEA Creme,275,77,72,No,100 ml,4.8,275,6,skin care,198
Everyuth Naturals Tulsi Turmeric Face Wash,225,109,51,No,150 g,4.6,225,6,skin care,116
VLCC Gold Facial Kit For Luminous,359,151,57,No,60 g,4.5,781,6,skin care,208
VLCC Gold Facial Kit For Luminous,499,204,59,No,50 g,4.7,127,10,skin care,295
Garnier Men Oil Clear Face Wash,299,97,67,No,100 g,4.6,299,6,skin care,202
Garnier Men Oil Clear Face Wash,695,195,71,No,30 ml,4.4,408,10,skin care,500
NIVEA Soft Light Moisturizer,400,180,55,No,200 ml,4.6,400,6,skin care,220
NIVEA Soft Light Moisturizer,825,361,56,No,600 ml,4.4,825,6,skin care,464
NIVEA Nourishing Body Lotion Body Milk,495,227,54,No,400 ml,4.5,495,6,skin care,268
Mamaearth Ubtan Face Wash,269,84,68,No,100 ml,4.6,269,6,skin care,185
Himalaya Cocoa Butter Intensive Body Lotion,399,194,51,No,400 ml,4.6,400,6,skin care,205
Cetaphil Moisturising Lotion,1699,187,88,No,500 ml,4.4,367,6,skin care,1512
Pond's Bright Beauty Anti,359,113,68,No,50 g,4.5,734,6,skin care,246
Dermafique Intensive Restore Body Lotion,549,273,50,No,300 ml,4.4,153,10,skin care,276
NIVEA Natural Glow Cell Repair Body Lotion,330,80,75,No,200 ml,4.5,776,6,skin care,250
O3+ Bridal Facial Kit for Radiant,885,62,92,No,200 ml,4.9,519,6,skin care,823
O3+ Bridal Facial Kit for Radiant,599,30,94,No,30 ml,4.2,599,6,skin care,569
Skininspired Mattifying Gel Face Moisturizer,499,55,88,No,30 ml,4.4,499,6,skin care,444
Skininspired Mattifying Gel Face Moisturizer,999,292,70,No,50 g,4.3,157,10,skin care,707
Skininspired Mattifying Gel Face Moisturizer,549,162,70,No,30 ml,4.6,551,10,skin care,387
Vaseline Sun Protect SPF 30 Body Lotion,870,426,51,No,600 ml,4.7,520,10,skin care,444
10 mins,599,66,88,No,601 ml,4.4,76,10,skin care,533
Khadi Essentials Neem Face Wash Clears Acne,399,186,53,No,100 ml,4.5,211,6,skin care,213
Pond's Super Light Gel Oil,545,271,50,No,200 ml,4.7,545,6,skin care,274
O3+ Professional Brightening,830,100,87,No,50 g,4.4,125,10,skin care,730
Nivea Aloe Lotion,799,360,54,No,600 ml,4.6,441,6,skin care,439
Personal Touch Skincare Skincare Cleanser,599,171,71,No,100 ml,4.3,525,10,skin care,428
Nivea Natural Glow Cell Repair Body Lotion,645,271,57,No,400 ml,3.2,162,10,skin care,374
Olay Regenerist Advanced Anti Aging Micro Sculpting Hydra Firming Complex Skin Cream Moisturizer,1799,671,62,No,50 g,2.9,107,10,skin care,1128
POND'S Niacinamide Nourishing Body Lotion,835,393,52,No,600 ml,3.7,835,6,skin care,442
POND'S Niacinamide Nourishing Body Lotion,649,175,73,No,30 ml,4.6,105,10,skin care,474
"Minimalist SPF 30 Body Lotion With Vitamin E, Glycerin",499,25,94,No,150 g,4.5,94,6,skin care,474
Aveeno Daily Moisturizing Lotion For Normal And Dry Skin,1190,164,86,No,354 ml,3.6,71,10,skin care,1026
Venusia Max Intensive Moisturizing Lotion ,1317,291,77,No,500 ml,4.1,196,10,skin care,1026
Venusia Max Intensive Moisturizing Lotion ,699,107,84,No,30 ml,4.6,93,10,skin care,592
The Face Shop Rice Water Bright Rich Cleansing Oil,1289,187,85,No,150 ml,4.5,79,10,skin care,1102
The Face Shop Rice Water Bright Light Cleansing Oil,1349,135,89,No,150 ml,4.7,70,10,skin care,1214
Glenmark Episoft Ac Moisturizer,639,109,82,No,75 g,4.5,574,6,skin care,530
Lotus Herbals Safe Sun Screen,585,209,64,No,100 g,4.4,295,10,skin care,376
Sanfe Promise Face Acne Patch,169,44,73,No,36 pcs,4.4,169,6,skin care,125
Himalaya Lip Balm,40,9,77,No,10 g,4.6,40,6,skin care,31
Patanjali Ayurveda Saundarya Aloe Vera Gel,55,11,80,No,60 g,4.7,60,6,skin care,44
Dot,595,95,84,No,80 g,4.8,635,10,skin care,500
Nua Hydrocolloid And Salicylic Acid Pimple Patches,159,18,88,No,36 pcs,4.6,159,6,skin care,141
FURR By Pee Safe Charcoal Nose Strips,99,15,84,No,3 pcs,4.2,99,6,skin care,84
Dabur Gulabari Premium Rose Water,135,53,60,No,400 ml,4.7,400,6,skin care,82
POND'S Activated Charcoal Clear Detox Skin,99,36,63,No,25 ml,4.5,99,6,skin care,63
Dabur Gulabari Premium Rose Water,92,23,75,No,250 ml,4.8,250,6,skin care,69
O3+ Facialist Brightening Face Sheet Mask ,155,15,77,No,30 ml,4.2,413,6,skin care,140
The Face Shop Real Nature Rice Face Mask,100,38,62,No,20 g,4.7,100,6,skin care,62
The Face Shop Real Nature Rice Face Mask,110,29,73,No,150 ml,4.7,150,6,skin care,81
Oxylife Natural Radiance 5 Creme Bleach,99,18,81,No,27 g,4.6,99,6,skin care,81
Sanfe Instant Tan,399,108,72,No,100 g,4.2,960,6,skin care,291
Lakme Blush,100,49,51,No,25 ml,4.7,100,6,skin care,51
Sanfe Deep Purifying Nose Strips For Women,169,41,75,No,6 pcs,4.1,169,6,skin care,128
The Face Shop Rice,899,266,70,No,150 ml,4.3,133,10,skin care,633
SPF 50 PA++++,299,29,77,No,30 g,4.4,299,6,skin care,270
Nivea Cherry Shine Lip Balm,260,102,60,No,8 g,4.8,260,6,skin care,158
Foxtale Salicylic Acid Acne Spot Corrector Gel,449,58,87,No,15 ml,4.6,137,10,skin care,391
Dot,445,58,86,No,50 g,4.7,445,6,skin care,387
Dot,199,6,96,No,4 g,4.4,199,6,skin care,193
Everyuth Naturals Tan Removal Pack,140,27,80,No,5 g,4.5,140,6,skin care,113
The Face Shop Real Nature Avocado Face Mask,100,38,62,No,20 g,4.4,353,10,skin care,62
Garnier Charcoal Mask,115,51,55,No,28 g,4.5,115,6,skin care,64
Fem Fairness Naturals Gold Skin Bleach,68,12,82,No,24 g,4.7,68,6,skin care,56
Pond's Super Light Gel Oil,310,114,63,No,100 ml,4.8,310,6,skin care,196
Cetaphil Gentle Skin Cleanser,429,51,88,No,125 ml,4.7,429,6,skin care,378
Quench Vitamin C Instaglow Sheet Mask,99,13,86,No,125 ml,4.5,431,6,skin care,86
Kerala Ayurveda Nalpamaradi Keram Removes Tan,100,11,89,No,125 ml,4.8,158,10,skin care,89
Minimalist SPF 50 PA++++ Multi,399,20,94,No,50 g,4.7,399,6,skin care,379
Wishcare Niacinamide Oil Balance Fluid Sunscreen SPF 50 PA++++,499,75,84,No,50 g,4.8,790,6,skin care,424
The Face Shop Real Nature Green Tea Face Mask,100,38,62,No,20 g,4.5,206,10,skin care,62
VLCC Ayurveda Multani Mitti Face Pack,159,11,93,No,20 g,4.9,243,10,skin care,148
SUGAR POP Nourishing Lip Balm 07 Plum,149,24,83,No,20 g,4.8,149,6,skin care,125
Everyuth Naturals Nourishing Aloe Vera,120,39,67,No,150 g,4.6,150,6,skin care,81
SPF 50 PA+++,445,58,86,No,50 g,4.7,445,6,skin care,387
Plix The Plant Fix Jamun Acne Spot Corrector Gel For Active Acne,450,117,74,No,15 g,4.8,111,10,skin care,333
Dr. Sheth'S Kesar,299,29,77,No,30 g,4.6,101,10,skin care,270
Lakme Sun Expert SPF 30 PA++ Super Matte Lotion Sunscreen,299,86,71,No,50 ml,4.4,745,10,skin care,213
JOY Revivify Hello Sun Ultra Matte Dry Touch SPF 50,325,127,60,No,50 ml,4.5,128,10,skin care,198
Biotique Fruit Brightening Depigmentation,150,15,77,No,50 ml,4.6,995,6,skin care,135
Biotique Fruit Brightening Depigmentation,349,17,95,No,50 g,4.7,349,6,skin care,332
Khadi Natural Pure Rose Water Skin Toner,249,108,56,No,210 ml,4.7,89,6,skin care,141
Nivea Lip Balm Original Care for 24h Moisture ,175,50,71,No,8 g,4.7,175,6,skin care,125
Conscious Chemist Retinol Body Cream ,499,223,55,No,100 g,4.5,114,6,skin care,276
Everyuth Naturals Advanced Golden Glow Peel Off Mask,210,75,64,No,100 g,4.5,210,6,skin care,135
Himalaya Wellness Company Dark Spot Cl Turmeri Face Scrub,210,38,81,No,100 g,4.5,210,10,skin care,172
Lotus Herbals Safe Sun 3 In 1 Tinted Daily Sunscreen,375,165,56,No,50 g,4.5,311,10,skin care,210
Lakme Sun Expert Tinted Sunscreen,369,149,59,No,50 g,4.5,369,6,skin care,220
Dot,445,58,86,No,50 g,4.8,754,6,skin care,387
GUBB Face Acne Patch Pimple Healing Patch ,295,141,52,No,36 pcs,4.1,328,10,skin care,154
Vlcc Insta Glow Diamond Bleach,169,60,64,No,60 g,4.4,878,6,skin care,109
Joy Hello Sun Sunblock,480,169,64,No,120 ml,4.4,543,10,skin care,311
Dot,445,58,86,No,50 g,4.9,952,6,skin care,387
Foxtale Skin Radiance Face Mask for Detan,545,44,91,No,75 g,4.6,902,6,skin care,501
Lakme Sun Expert Sunscreen Lotion,269,31,88,No,50 ml,4.1,269,6,skin care,238
Fixderma Shadow Sunscreen SPF 30+ Gel Sunscreen ,280,66,76,No,40 g,4.7,170,10,skin care,214
Quench Korean Acne Patches,299,75,74,No,24 pcs,4.7,705,6,skin care,224
Neutrogena Ultra Sheer Dry Touch SPF 50+ Sunblock Sunscreen Lotion,299,29,77,No,30 g,4.6,299,6,skin care,270
Aqualogica Radiance+ Dewy Lightweight Sunscreen Gel ,449,170,62,No,50 g,4.7,449,6,skin care,279
Aqualogica Glow+ Dewy Lightweigh Sunscreen Gel ,299,15,94,No,30 g,4.5,506,6,skin care,284
Neutrogena Ultra Sheer Dry Touch Sunblock SPF,780,133,82,No,80 g,4.3,687,6,skin care,647
Dot,445,58,86,No,50 g,4.6,284,10,skin care,387
Lakme Blush,200,98,51,No,50 g,4.7,122,6,skin care,102
Cetaphil Oily Skin Cleanser,699,84,87,No,125 ml,4.7,699,6,skin care,615
SPF 50 PA+++,499,95,80,No,50 g,4.6,499,6,skin care,404
Everyuth Naturals Advanced Orange Peel,195,66,66,No,100 g,4.5,195,6,skin care,129
Fixderma Shadow Lip Balm SPF 50+ With Cacao Seed Butter,235,31,86,No,15 g,4.5,372,10,skin care,204
Conscious Chemist Body Guard Sunscreen Body Lotion SPF ,699,347,50,No,150 g,4.4,113,10,skin care,352
The Derma Co C,299,36,87,No,125 ml,4.5,915,6,skin care,263
The Derma Co C,649,104,83,No,80 g,3.9,761,6,skin care,545
Fixderma Shadow Sunscreen SPF 50+ Gel Sunscreen,640,143,77,No,75 g,4.5,131,10,skin care,497
Cetaphil Gentle Skin Cleanser,769,85,88,No,250 ml,4.7,769,6,skin care,684
The Derma Co C,499,55,88,No,50 g,4.5,425,10,skin care,444
Kerala Ayurveda Kumkumadi Oil ,520,129,75,No,10 ml,4.9,103,10,skin care,391
Dot,595,95,84,No,80 g,4.8,734,6,skin care,500
Dot,550,72,86,No,85 g,4.5,240,10,skin care,478
Enn Beauty Erazer Acne Patches,325,59,81,No,85 g,4.6,194,10,skin care,266
Neutrogena Hydro Boost Water Gel Face Moisturizer,1190,119,90,No,50 g,4.7,252,6,skin care,1071
Dr. Sheth'S Ceramide,499,60,87,No,50 g,4.2,282,10,skin care,439
SPF 50 PA++++,649,97,85,No,50 g,4.5,369,10,skin care,552
Everyuth Naturals Anti Pollution Pink Clay,260,47,81,No,50 g,4.2,196,10,skin care,213
Quench Brightening Korean Face Mist,399,58,85,No,100 ml,4.9,244,10,skin care,341
Cetaphil Oily Skin Cleanser,1099,121,88,No,250 ml,4.6,322,6,skin care,978
Quench Mama Cica Rejuvenating Face Mist,399,40,89,No,100 ml,4.6,163,10,skin care,359
Cetaphil Gentle Skin Cleanser,1679,168,89,No,100 ml,4.4,686,6,skin care,1511
VLCC 7X Ultra Whitening,420,85,79,No,100 g,4.1,490,6,skin care,335
Quench Mon Cherry Brightening Pink Clay Mask,499,25,94,No,50 g,3.8,236,6,skin care,474
Cetaphil Gentle Skin Cleanser,1159,116,89,No,500 ml,4.5,482,6,skin care,1043
SUGAR Cosmetics Bling Leader Illuminating Sunscreen SPF 35 PA+++,599,66,88,No,50 g,4.7,50,10,skin care,533
Pilgrim 24K Gold face mask,595,167,71,No,50 g,4.9,184,6,skin care,428
O3+ Blueberry Moisturising Glow Dtan Creme Mask,1550,186,88,No,300 g,4.5,60,10,skin care,1364
Kama Ayurveda Rose Jasmine Face Cleanser,745,75,77,No,50 ml,4.4,103,10,skin care,670
Biotique Sun Shield Sandalwood 50+Spf Sunscreen Lotion,630,112,82,No,190 ml,4.7,109,6,skin care,518
Deconstruct Oil,1650,722,56,No,190 ml,4.7,633,6,skin care,928
Deconstruct Oil,698,68,90,No,10 ml,4.4,758,6,skin care,630
Deconstruct Oil,349,28,91,No,50 g,4.7,559,6,skin care,321
Quench Botanics Mesmerice Gentle Exfoliation Cream Face Wash,449,67,85,No,100 ml,4.6,167,10,skin care,382
Aqualogica Glow+ Oil Free Moisturizer ,399,76,80,No,100 g,3.2,271,10,skin care,323
Patch Up Mix Up,1299,274,78,No,24 pcs,4.5,910,10,skin care,1025
Fablue Toy Truck Car ,299,124,58,No,6 pcs,3.3,340,9,toys,175
Webby Toys Mini Finger Basketball Shooting Game,149,54,63,No,1 pcs,4.3,96,9,toys,95
Einstein Box My First Box Of Storytelling,999,499,50,No,2 pcs,4.5,72,9,toys,500
Toyshine Space,1699,753,55,No,2 pcs,4.3,237,9,toys,946
Fablue Magic Blow Pipe Toy,499,94,81,No,2 pcs,4.5,177,9,toys,405
Fablue Kids 100 Pcs Blocks Toys,799,295,63,No,2 pcs,3.1,475,9,toys,504
Toyshine Giraffe Wooden Abacus,799,331,58,No,2 pcs,4.5,51,9,toys,468
Babique Unicorn Plush Soft Toy ,364,134,63,No,2 pcs,4.5,364,9,toys,230
Toyshine 3,1499,619,58,No,2 pcs,4.5,66,9,toys,880
Babique Dog Cute Plush Soft Toys ,378,186,50,No,2 pcs,4.6,378,9,toys,192
Toyshine Junior Fast Sling Puck Game,599,264,55,No,2 pcs,4.2,566,9,toys,335
Toyshine My First Art Easel Board,2999,1,99,No,5 pcs,4.7,731,9,toys,2998
Einstein Box For 2,999,308,69,No,2 pcs,4.3,110,9,toys,691
Babique Rattle Ball Plush Soft Toy ,230,59,74,No,2 pcs,4.5,715,9,toys,171
Rotating Transparent Toy,999,269,73,No,2 pcs,4.3,572,9,toys,730
Einstein Box Girls First Science Kit for 4,1199,599,50,No,2 pcs,4.7,457,9,toys,600
Toyshine Plastic Carry ,1299,425,67,No,2 pcs,1.1,68,9,toys,874
Abk Stacking Toy Rings Junior,159,18,88,No,2 pcs,4.2,943,9,toys,141
Toyshine 2,899,399,55,No,2 pcs,4.8,77,9,toys,500
Toyshine Battery Powered Robotic ,699,204,70,No,2 pcs,4.4,764,9,toys,495
Toyshine My First Art Easel Board,2999,1,99,No,6 pcs,4.3,570,9,toys,2998
Fablue Mini Basketball Game Toy ,399,180,54,No,2 pcs,2.6,75,9,toys,219
Toyshine Friction,999,377,62,No,2 pcs,4.4,490,9,toys,622
Aditi Toys Gear Mini  Bus ,599,299,50,No,2 pcs,4.6,230,9,toys,300
Toyshine Abc Numero Magnetic Blackboard Educational Alphabet,699,288,58,No,2 pcs,3.9,65,9,toys,411
DearJoy Unicorn Plush Soft Toy,1000,139,86,No,2 pcs,4.9,119,9,toys,861
Toyshine Kids Computer Tablet Toy ,1999,1,99,No,4 pcs,3.4,93,9,toys,1998
Fablue Unicorn Stuffed Animal Soft Plush Toy ,599,299,50,No,2 pcs,3.3,206,9,toys,300
Classic Classic Hulla Hoop,250,122,51,No,2 pcs,4.1,186,9,toys,128
Centy Toys Classic Tractor Farm Set,450,220,51,No,2 pcs,4.3,177,9,toys,230
Fablue Musical Cell Phone Toy,599,242,59,No,2 pcs,4.6,108,9,toys,357
Toybharat Thomas Engine Pull Along Toy,736,229,68,No,2 pcs,3.4,78,9,toys,507
Toyshine 3 Duck Slide Toy ,999,340,65,No,2 pcs,3.4,98,9,toys,659
Toyshine Battery,1599,759,52,No,2 pcs,2.2,88,9,toys,840
Toybharat Power Truck,659,279,57,No,2 pcs,4.4,231,9,toys,380
DearJoy School Boy Soft Toy,1000,284,71,No,2 pcs,4.4,553,9,toys,716
Toyshine 1:32 Scale Die Cast Racing ,499,194,61,No,2 pcs,3.8,162,9,toys,305
Toyshine Plastic Bow,999,255,74,No,2 pcs,4.2,246,9,toys,744
Fablue Construction Vehicles Trucks Toy ,699,260,62,No,4 pcs,4.1,100,9,toys,439
Toyshine 1:32 Scale Die Cast Sports Model Vehicle Toy Car ,499,195,60,No,2 pcs,3.9,176,9,toys,304
COMIC JEEP Toy,860,273,68,No,2 pcs,4.5,58,9,toys,587
Toybharat Friction,390,165,57,No,2 pcs,4.5,100,9,toys,225
Marco Racer Toy Car,880,309,64,No,2 pcs,4.5,74,9,toys,571
Toyshine Unbreakable Automobile Car Toy Vehicle,1499,504,66,No,2 pcs,4.3,58,9,toys,995
Fablue Balloon Launcher for Kids,1699,779,54,No,2 pcs,4.7,576,9,toys,920
Fablue Hanging Table Tennis Toy ,699,241,65,No,2 pcs,3.6,96,9,toys,458
Toyzone Vandey Bharat Express Bump 'N' Go Toy,799,242,69,No,2 pcs,1.7,69,9,toys,557
Toybharat Push N Go Tractor,702,297,57,No,2 pcs,4.5,80,9,toys,405
Aditi Toys Pull Back Bow,999,396,60,No,2 pcs,4.3,703,9,toys,603
Wembley Construction Tool Trolley Kit,1999,1,99,No,4 pcs,3.8,87,9,toys,1998
Toybharat Border Jeep Toy,458,169,63,No,1 pcs,4.5,100,9,toys,289
Aditi Toys Pull Back Bow,999,366,63,No,1 pcs,4.2,475,9,toys,633
Toy Bharat Model Scooty Toy,559,215,61,No,1 pcs,3.4,111,9,toys,344
Toyshine Pack of 4 Toy Cars,1499,504,66,No,1 pcs,4.7,131,9,toys,995
Ratna's Toy Ambulance Ratna's,1000,400,60,No,1 pcs,4.4,696,9,toys,600
Toyshine Track Racer Car ,1499,688,54,No,1 pcs,3.2,79,9,toys,811
Sterling Amimal Soft Toy Set,699,339,51,No,1 pcs,4.5,280,9,toys,360
Toybharat Police Van Toy ,680,209,69,No,1 pcs,3.8,83,9,toys,471
Flo Toys Velocity Rescue Vehicle Puzzle Set,1595,646,59,No,1 pcs,4.2,608,9,toys,949
Kidology Transforming Robot Toys ,3099,2,99,No,6 pcs,4.3,406,9,toys,3097
Kidology Tractor Toy,3999,3,99,No,6 pcs,4.5,298,9,toys,3996
Webby Battery operated Toy Train ,899,100,88,No,1 pcs,4.3,74,9,toys,799
Wembley Unbreakable Kids Friction Car Toys ,899,418,53,No,1 pcs,4.5,221,9,toys,481
Toybharat Ambulance Toy for Kids,620,239,61,No,1 pcs,4.3,82,9,toys,381
Ratna's Toy Water Tanker Ratna's,1100,512,53,No,1 pcs,4.2,48,9,toys,588
Funskool Giggles Stack N Nest Toy Set,599,120,79,No,1 pcs,4.5,95,9,toys,479
"Toyshine Dinosaur Wooden Abacus Learning Play Center, Preschool Math Learning Toy",1499,517,65,No,1 pcs,4.6,190,9,toys,982
Toyshine Ramp Race Slope Rolling Hammer Toy ,999,327,67,No,1 pcs,1.8,88,9,toys,672
Ratna's Toy Missile Launcher Truck,1000,400,60,No,1 pcs,4.2,55,9,toys,600
Toyshine 1:32 Scale Die Cast Sports Model Vehicle Toy ,899,190,78,No,1 pcs,3.3,99,9,toys,709
Ratna's Mighty Shooter With Target,240,96,60,No,1 pcs,4.2,964,9,toys,144
Mirada Peach Bunny Soft Toy,899,429,52,No,1 pcs,4.9,145,9,toys,470
Ratna's Toy Modern Excavator Ratna's,1000,400,60,No,1 pcs,4.4,964,9,toys,600
Ratna's Toy City Service Truck Ratna's,1000,497,50,No,1 pcs,4.3,237,9,toys,503
Ratna's Toy Fire Ladder Truck Ratnas,1000,400,60,No,1 pcs,4.3,339,9,toys,600
Hasbro BeyBlade Wrath Cobra C7,1499,700,53,No,1 pcs,4.5,139,9,toys,799
Urban Tots Vola Construction Series,999,339,66,No,1 pcs,4.2,57,9,toys,660
Lego City Jungle Explorer Off,3499,1,99,No,5 pcs,4.7,976,9,toys,3498
Toyshine Friction Powered Musical Garbage Truck ,1535,718,53,No,1 pcs,4.4,719,9,toys,817
Lumo Unicorn Soft Toy,625,216,65,No,1 pcs,4.6,769,9,toys,409
Toybharat Farm Tractor,625,236,62,No,1 pcs,4.4,835,9,toys,389
Toybharat Fire Truck Toy for Kids ,740,268,63,No,1 pcs,4.5,698,9,toys,472
Kidology Monster Tractor Toy for Kids,3999,3,99,No,4 pcs,4.7,518,9,toys,3996
Lumo Tiger Soft Toy,515,166,67,No,2 pcs ,4.3,578,9,toys,349
Toybharat Push N Spin Teddy And Family,680,294,56,No,2 pcs ,4.4,765,9,toys,386
Lumo Teddy Soft Toy,800,291,63,No,2 pcs ,4.7,889,9,toys,509
Toybharat Walking Elephant With Light,1050,401,61,No,2 pcs ,4.7,348,9,toys,649
Toyshine Long,999,233,76,No,2 pcs ,4.5,999,9,toys,766
Toyshine Racer Ramp Toy ,999,282,71,No,2 pcs ,4.6,750,9,toys,717
Toyshine Baby Rattle,499,159,68,No,2 pcs ,4.8,872,9,toys,340
Toyshine Cute Walking Moving Dancing Crab Learning Crawl Sensory Interactive Usb Rechargeable Toy,1499,1,99,No,2 pcs ,4.1,91,9,toys,1498
Hamleys Bubble Blaster With Fuel Impulse Toys ,1999,705,64,No,2 pcs ,4.7,966,9,toys,1294
Nerf Elite 2.0 Slyshot Blaster,499,189,62,No,2 pcs ,3.9,175,9,toys,310
Toyshine Wooden Magnetic Fishing Game,999,307,69,No,2 pcs ,3.4,163,9,toys,692
Elan MS Hoola Hoop,299,99,66,No,2 pcs ,4.5,142,9,toys,200
Nerf Elite 2.0 Ace SD,399,154,61,No,2 pcs ,4.7,137,9,toys,245
Toyshine Musical Transparent Gun Toy,599,272,54,No,2 pcs ,3.4,459,9,toys,327
Nerf Alpha Strike Slinger SD,299,50,83,No,2 pcs ,1.8,67,9,toys,249
Fablue Spider Web Shooters Toy,999,252,74,No,2 pcs ,2.6,180,9,toys,747
Fablue Spin Master Duo Gun Toy ,999,291,70,No,2 pcs ,2.6,81,9,toys,708
Toyshine Hungry Duck Feeding Toy ,1299,514,60,No,2 pcs ,4.7,59,9,toys,785
Nerf Alpha Strike Fang QS,499,170,65,No,2 pcs ,4.1,295,9,toys,329
Toybharat Push N Go Dinosaur Toy,440,129,70,No,2 pcs ,3.7,92,9,toys,311
Nerf Elite 2.0 Volt SD,1199,561,53,No,2 pcs ,1.4,107,9,toys,638
Nerf Elite 2.0 Prospect QS,899,332,63,No,2 pcs ,4.3,946,9,toys,567
Fablue Foam Blaster Long Range Power Shooter Gun Toy ,999,288,71,No,2 pcs ,4.5,110,9,toys,711
Fablue Foam Pogo Jumper,1499,1,99,No,2 pcs ,2.6,81,9,toys,1498
Toyshine Long Range 60ft Pull,1299,597,54,No,2 pcs ,4.5,357,9,toys,702
Toyshine Holi Water Toy Gun with Pressure Mechanism,1299,514,60,No,2 pcs ,4.5,51,9,toys,785
Fablue Mini Fast Push Pop Interactive Game Toy Light,999,499,50,No,2 pcs ,2.2,80,9,toys,500
Toybharat My Snoopy Pull,640,209,67,No,2 pcs ,3.7,101,9,toys,431
Toyshine Fish Catching Game with Music,1999,879,56,No,2 pcs ,2.3,201,9,toys,1120
Toyshine Musical Train Engine Toy With 3d Lights,999,289,71,No,2 pcs ,4.6,797,9,toys,710
Toybharat My Friend Ganesha Pull,612,149,75,No,2 pcs ,4.5,83,9,toys,463
Desi Toys Gilli Danda Set,399,159,60,No,2 pcs ,4.5,920,9,toys,240
Ratna's Sky Ping Pong Captain America,325,130,60,No,2 pcs ,4.7,183,9,toys,195
Toyshine 5 In 1 Wooden Activity Centre Triangle Toy Alphabet Blocks Abacus Clock Writing,2999,1,99,No,2 pcs ,4.4,529,9,toys,2998
Kidology Press,599,223,62,No,2 pcs ,4.5,56,9,toys,376
Nerf Super Soaker Flip Fast Fill Water Blaster,1199,407,66,No,2 pcs ,4.5,145,9,toys,792
Toybharat Sports Gun,965,432,55,No,2 pcs ,4.6,464,9,toys,533
Nerf Alpha Strike Hammerstorm Blaster,1999,932,53,No,2 pcs ,4.2,718,9,toys,1067
Nerf Alpha Strike Lynx SD,2499,1,99,No,2 pcs ,4.4,675,9,toys,2498
Nerf Elite 2.0 Prospect QS,999,200,79,No,2 pcs ,4.6,647,9,toys,799
Toyshine 14 Inches Talking Toy Baby Dolls,1299,584,55,No,2 pcs ,4.7,986,9,toys,715
Toybharat Cute Elephant,530,165,68,No,2 pcs ,4.6,902,9,toys,365
Nerf Super Soaker Rainstorm Water Blaster,1499,570,61,No,2 pcs ,4.5,513,9,toys,929
Aditi Toys 750ml Colourful Bubble Liquid Solution Bottle Refill for Guns,299,100,66,No,2 pcs ,3.7,87,9,toys,199
Nerf Alpha Strike Mission Ops Set,2499,1,99,No,2 pcs ,4.2,540,9,toys,2498
Nerf Wild Lionfury Dart Blaster,1999,830,58,No,2 pcs ,4.2,189,9,toys,1169
Aditi Toys Six Fire Dart Gun with 6,1299,499,61,No,2 pcs ,4.5,67,9,toys,800
Mother Touch Toys Neem Dumbel Rattle,380,61,83,No,2 pcs ,4.6,730,9,toys,319
Tomato Local,43,9,79,No,500 g,4.5,500,8,vegetables,34
Lady Finger,65,14,78,No,500 g,4.5,500,8,vegetables,51
Lady Finger,70,21,70,No,500 g,4.5,1000,8,vegetables,49
Brinjal Long Purple,36,12,66,No,250 g,4.5,250,8,vegetables,24
Beans Broad,46,14,69,No,250 g,4.5,250,8,vegetables,32
Beans Haricot,47,14,70,No,250 g,4.5,250,8,vegetables,33
Beans Cowpea,33,8,75,No,250 g,4.5,250,8,vegetables,25
Lady Finger,38,19,50,No,250 g,4.5,250,8,vegetables,19
Nagpur Brinjal,43,13,69,No,250 g,4.5,250,8,vegetables,30
Beans Cluster,43,21,51,No,250 g,4.5,250,8,vegetables,22
Tomato Local,26,6,76,No,250 g,4.5,300,8,vegetables,20
Brinjal Round Green,67,21,68,No,500 g,4.5,500,8,vegetables,46
Beans Broad,93,28,69,No,500 g,4.5,500,8,vegetables,65
Brinjal Kateri,44,20,54,No,250 g,4.5,250,8,vegetables,24
Brinjal Bharta,34,8,76,No,250 g,4.5,34,8,vegetables,26
Tomato Hybrid,42,14,66,No,500 g,4.5,500,8,vegetables,28
Baby Potato,62,14,77,No,500 g,4.5,500,8,vegetables,48
Brinjal Kateri,76,31,59,No,500 g,4.5,500,8,vegetables,45
Green Tomato,42,10,76,No,500 g,4.5,500,8,vegetables,32
Organic Potato,63,13,79,No,475 g,4.5,475,8,vegetables,50
Organic Tomato,65,14,78,No,450 g,4.5,450,8,vegetables,51
Organic Beans Cluster,58,23,60,No,250 g,4.5,250,8,vegetables,35
Coriander,62,20,67,No,250 g,4.5,100,8,vegetables,42
Coccinia,29,11,62,No,250 g,4.5,250,8,vegetables,18
Coriander,31,10,67,No,100 g,4.5,100,8,vegetables,21
Colocasia,20,7,65,No,250 g,4.5,250,8,vegetables,13
Colocasia,53,24,54,No,250 g,4.5,1000,8,vegetables,29
Bitter Gourd,48,10,79,No,500 g,4.5,500,8,vegetables,38
Bottle Gourd,67,21,68,No,500 g,4.5,67,8,vegetables,46
Curry Leaves,13,4,69,No,50 g,4.5,50,8,vegetables,9
Chilli Dark Green,24,9,62,No,200 g,4.5,200,8,vegetables,15
Green Amaranthus,68,24,64,No,200 g,4.5,200,8,vegetables,44
Drumstick Leaves,44,10,77,No,200 g,4.5,50,8,vegetables,34
Chilli Light Green Combo,72,34,52,No,200 g,4.5,250,8,vegetables,38
Cauliflower,97,20,79,No,200 g,4.5,97,8,vegetables,77
Carrot,81,21,74,No,500 g,4.5,500,8,vegetables,60
Ridge Gourd,60,21,65,No,500 g,4.5,500,8,vegetables,39
Garlic,54,22,59,No,500 g,4.5,100,8,vegetables,32
Cabbage,53,19,64,No,500 g,4.5,53,8,vegetables,34
Cabbage,42,12,71,No,500 g,4.5,300,8,vegetables,30
Lemon Combo,70,20,71,No,500 g,4.5,200,8,vegetables,50
Drumsticks,68,23,66,No,500 g,4.5,68,8,vegetables,45
Chilli Dark Green Combo,48,18,62,No,500 g,4.5,200,8,vegetables,30
Ginger Combo,74,18,75,No,500 g,4.5,200,8,vegetables,56
Banana Raw,49,16,67,No,500 g,4.5,49,8,vegetables,33
Cucumber Green,36,18,50,No,500 g,4.5,500,8,vegetables,18
Banana Robusta,33,13,60,No,500 g,4.5,33,8,vegetables,20
Capsicum Green,41,13,68,No,500 g,4.5,41,8,vegetables,28
Cucumber Sambar,36,12,66,No,500 g,4.5,500,8,vegetables,24
Lady Finger Combo,76,38,50,No,500 g,4.5,250,8,vegetables,38
Sweet Corn,33,7,78,No,500 g,4.5,33,8,vegetables,26
Curry Leaves,26,8,69,No,500 g,4.5,50,8,vegetables,18
Mango Raw,42,10,76,No,500 g,4.5,42,8,vegetables,32
Tomato Local Combo,86,18,79,No,500 g,4.5,500,8,vegetables,68
Radish White,39,13,66,No,250 g,4.5,250,8,vegetables,26
Ridge Gourd,28,6,78,No,250 g,4.5,28,8,vegetables,22
Onion Combo,106,48,54,No,250 g,4.5,106,8,vegetables,58
Beetroot,57,14,75,No,250 g,4.5,500,8,vegetables,43
Colocasia,40,14,65,No,250 g,4.5,250,8,vegetables,26
Drumstick Leaves,66,15,77,No,250 g,4.5,66,8,vegetables,51
Chilli Light Green,36,17,52,No,250 g,4.5,250,8,vegetables,19
Beetroot,38,18,52,No,250 g,4.5,250,8,vegetables,20
Sweet Potato,57,24,57,No,250 g,4.5,500,8,vegetables,33
Guava,63,20,68,No,250 g,4.5,500,8,vegetables,43
Coriander,93,30,67,No,250 g,4.5,100,8,vegetables,63
Beans Cowpea,66,16,75,No,250 g,4.5,250,8,vegetables,50
Mix Sprouts,41,10,75,No,250 g,4.5,175,8,vegetables,31
Capsicum Green,66,14,78,No,250 g,4.5,500,8,vegetables,52
Beans Cluster,86,42,51,No,250 g,4.5,250,8,vegetables,44
Beans Cluster,35,10,71,No,250 g,4.5,200,8,vegetables,25
Cooking Essentials,64,20,68,No,250 g,4.5,64,8,vegetables,44
Beans Haricot,94,28,70,No,250 g,4.5,250,8,vegetables,66
Lemon,59,19,67,No,250 g,4.5,200,8,vegetables,40
Green Amaranthus,34,12,64,No,250 g,4.5,200,8,vegetables,22
Banana Raw,98,32,67,No,250 g,4.5,98,8,vegetables,66
Baby Bottle Gourd,61,22,63,No,250 g,4.5,61,8,vegetables,39
Baby Bottle Gourd,21,5,76,No,250 g,4.5,150,8,vegetables,16
Drumstick Leaves,22,5,77,No,250 g,4.5,50,8,vegetables,17
Assorted Roses,64,16,75,No,250 g,4.5,100,8,vegetables,48
Chilli Bajji,35,14,60,No,250 g,4.5,250,8,vegetables,21
Green Amaranthus,102,36,64,No,250 g,4.5,200,8,vegetables,66
Garlic,27,11,59,No,250 g,4.5,100,8,vegetables,16
Mint,24,9,62,No,250 g,4.5,100,8,vegetables,15
Garlic Peeled Combo,124,30,75,No,250 g,4.5,124,8,vegetables,94
Ridge Gourd,120,42,65,No,250 g,4.5,500,8,vegetables,78
Pineapple Slice,86,20,76,No,250 g,4.5,175,8,vegetables,66
Coriander,81,14,82,No,250 g,4.5,500,8,vegetables,67
Grapes Bengalore Blue,87,29,66,No,250 g,4.5,500,8,vegetables,58
Potato Combo,140,42,70,No,250 g,4.5,140,8,vegetables,98
Rosemary,18,4,77,No,250 g,4.5,20,8,vegetables,14
Carrot Combo,162,42,74,No,250 g,4.5,500,8,vegetables,120
Coconut,69,15,78,No,250 g,4.5,69,8,vegetables,54
Beetroot Combo,76,36,52,No,250 g,4.5,250,8,vegetables,40
Cucumber English,33,9,72,No,250 g,4.5,300,8,vegetables,24
Cucumber Green,72,36,50,No,250 g,4.5,500,8,vegetables,36
Garlic Cloves,51,11,78,No,250 g,4.5,250,8,vegetables,40
Tomato Hybrid Combo,84,28,66,No,250 g,4.5,500,8,vegetables,56
Gooseberry,52,15,71,No,250 g,4.5,250,8,vegetables,37
Curry Leaves,63,8,87,No,250 g,4.5,500,8,vegetables,55
Papaya Diced,62,21,66,No,250 g,4.5,200,8,vegetables,41
Coccinia,87,33,62,No,250 g,4.5,250,8,vegetables,54
Spinach Malabar,49,10,79,No,250 g,4.5,250,8,vegetables,39
Mint,74,13,82,No,250 g,4.5,500,8,vegetables,61
Colocasia,60,21,65,No,250 g,4.5,250,8,vegetables,39
Brown Chana Sprouts,40,9,77,No,250 g,4.5,200,8,vegetables,31
Garlic Peeled,62,15,75,No,250 g,4.5,100,8,vegetables,47
Papaya Raw,37,12,67,No,250 g,4.5,37,8,vegetables,25
Baby Corn,67,14,79,No,250 g,4.5,250,8,vegetables,53
Snacky Avocado,134,40,70,No,250 g,4.5,134,8,vegetables,94
Ginger,37,9,75,No,250 g,4.5,200,8,vegetables,28
Cucumber Green,23,11,52,No,250 g,4.5,23,8,vegetables,12
Lady Finger Combo,114,57,50,No,250 g,4.5,250,8,vegetables,57
Chow Chow,40,10,75,No,250 g,4.5,500,8,vegetables,30
Coccinia,58,22,62,No,250 g,4.5,250,8,vegetables,36
Cabbage Red,75,16,78,No,250 g,4.5,400,8,vegetables,59
Organic Onion Combo,102,22,78,No,250 g,4.5,475,8,vegetables,80
Dragon Fruit,100,21,79,No,250 g,4.5,100,8,vegetables,79
Dill Leaves,27,10,62,No,250 g,4.5,50,8,vegetables,17
Coccinia,57,12,78,No,250 g,4.5,200,8,vegetables,45
Maize Cob,35,8,77,No,250 g,4.5,35,8,vegetables,27
Lettuce Green,39,9,76,No,250 g,4.5,100,8,vegetables,30
Onion White,61,20,67,No,250 g,4.5,500,8,vegetables,41
Tamarind Green,32,7,78,No,250 g,4.5,250,8,vegetables,25
Organic Tomato Combo,130,28,78,No,250 g,4.5,450,8,vegetables,102
Cauliflower Combo,194,40,79,No,250 g,4.5,194,8,vegetables,154
Organic Sweet Potato,92,20,78,No,250 g,4.5,250,8,vegetables,72
Detox must,132,46,65,No,250 g,4.5,132,8,vegetables,86
Cauliflower Florets,95,24,74,No,250 g,4.5,200,8,vegetables,71
Organic Potato Combo,126,26,79,No,250 g,4.5,475,8,vegetables,100
Organic Green Chilli,32,12,62,No,250 g,4.5,100,8,vegetables,20
Tender Coconut,115,25,78,No,250 g,4.5,115,8,vegetables,90
Sponge Gourd,42,18,57,No,250 g,4.5,500,8,vegetables,24
Organic Onion,51,11,78,No,250 g,4.5,475,8,vegetables,40
Organic Bottle Gourd,70,15,78,No,250 g,4.5,70,8,vegetables,55
Potato Combo,210,63,70,No,250 g,4.5,210,8,vegetables,147
Pointed Gourd,92,19,79,No,250 g,4.5,500,8,vegetables,73
Farms Hydroponic Green Lettuce,27,6,77,No,250 g,4.5,100,8,vegetables,21
Lotus Stem,98,20,79,No,250 g,4.5,250,8,vegetables,78
Turmeric Fresh,90,18,80,No,250 g,4.5,250,8,vegetables,72
Beetroot Combo,114,54,52,No,250 g,4.5,250,8,vegetables,60
Ash Gourd,264,74,71,No,250 g,4.5,264,8,vegetables,190
Banana Stem,66,14,78,No,250 g,4.5,66,8,vegetables,52
Onion White,122,40,67,No,250 g,4.5,500,8,vegetables,82
Carrot Cut,44,10,77,No,200 g,4.5,200,8,vegetables,34
Drumsticks Combo,136,46,66,No,200 g,4.5,136,8,vegetables,90
Sweet Lime,92,20,78,No,200 g,4.5,500,8,vegetables,72
Lettuce Romaine,35,10,71,No,200 g,4.5,100,8,vegetables,25
Organic Cabbage,96,21,78,No,200 g,4.5,96,8,vegetables,75
Organic Garlic,59,13,77,No,200 g,4.5,100,8,vegetables,46
Residue Free Capsicum Green,80,17,78,No,200 g,4.5,350,8,vegetables,63
Auspicious Leaf,20,7,65,No,200 g,4.5,20,8,vegetables,13
Colocasia Leaves,42,9,78,No,200 g,4.5,42,8,vegetables,33
Pomegranate,274,57,79,No,200 g,4.5,274,8,vegetables,217
Organic Cucumber Green,86,18,79,No,200 g,4.5,500,8,vegetables,68
Organic Ginger,65,14,78,No,200 g,4.5,200,8,vegetables,51
Organic Lemon,56,13,76,No,200 g,4.5,56,8,vegetables,43
Lettuce Iceberg,71,15,78,No,200 g,4.5,250,8,vegetables,56
Lollo Green Lettuce Hydroponically Grown,48,11,77,No,200 g,4.5,150,8,vegetables,37
Banana Leaves,54,14,74,No,200 g,4.5,54,8,vegetables,40
Zucchini Green,58,13,77,No,200 g,4.5,250,8,vegetables,45
Super Sweet Corn Cob Combo,122,30,75,No,200 g,4.5,122,8,vegetables,92
Super Sweet Corn Cob Combo,183,45,75,No,200 g,4.5,183,8,vegetables,138
